codec,dataset,column,N,raw_bytes,compressed_bytes,ratio,encode_ms,decode_ms,encode_mbs,decode_mbs,max_error,query_mean_us,query_ds_us,query_gorilla_us,query_lz4_us,query_zstd_us,query_min_us,query_max_us,query_sum_us,query_count_us,query_var_us,query_where_us,query_value_at_us,query_scan_us
striq-e0.01,synthetic,slow_sine,50000,400000,173774,2.3018,3.2560,0.1100,122.85,3636.36,0.010000,0.20,29.50,0.00,0.00,0.00,0.10,0.00,0.00,0.00,4.10,83.40,1.20,8.50
gorilla,synthetic,slow_sine,50000,400000,343445,1.1647,22.5117,1.7637,17.77,226.80,0.000000,0.00,0.00,3048.10,0.00,0.00,0.00,0.00,0.00,0.00,0.00,0.00,0.00,0.00
lz4,synthetic,slow_sine,50000,400000,183724,2.1772,0.9053,0.1223,441.83,3269.75,0.000000,0.00,0.00,0.00,94.30,0.00,0.00,0.00,0.00,0.00,0.00,0.00,0.00,0.00
zstd-3,synthetic,slow_sine,50000,400000,46003,8.6951,1.1740,0.3233,340.72,1237.11,0.000000,0.00,0.00,0.00,0.00,281.30,0.00,0.00,0.00,0.00,0.00,0.00,0.00,0.00
striq-e0.01,synthetic,ramp,50000,400000,55095,7.2602,1.0690,0.1050,374.18,3809.52,0.010000,0.10,10.40,0.00,0.00,0.00,0.00,0.10,0.00,0.10,0.50,0.60,1.00,8.10
gorilla,synthetic,ramp,50000,400000,335829,1.1911,6.8677,1.9623,58.24,203.84,0.000000,0.00,0.00,1875.60,0.00,0.00,0.00,0.00,0.00,0.00,0.00,0.00,0.00,0.00
lz4,synthetic,ramp,50000,400000,208942,1.9144,0.6043,0.1100,661.89,3636.36,0.000000,0.00,0.00,0.00,115.40,0.00,0.00,0.00,0.00,0.00,0.00,0.00,0.00,0.00
zstd-3,synthetic,ramp,50000,400000,67860,5.8945,1.0873,0.4630,367.87,863.93,0.000000,0.00,0.00,0.00,0.00,417.30,0.00,0.00,0.00,0.00,0.00,0.00,0.00,0.00
striq-e0.01,synthetic,noise,50000,400000,155642,2.5700,1.2600,0.0620,317.46,6451.61,0.010000,0.10,19.90,0.00,0.00,0.00,0.10,0.00,0.00,0.00,1.30,77.20,2.40,10.10
lz4,synthetic,noise,50000,400000,401570,0.9961,0.0200,0.0170,20000.00,23529.41,0.000000,0.00,0.00,0.00,8.20,0.00,0.00,0.00,0.00,0.00,0.00,0.00,0.00,0.00
zstd-3,synthetic,noise,50000,400000,375993,1.0638,0.4990,0.3653,801.60,1094.89,0.000000,0.00,0.00,0.00,0.00,470.50,0.00,0.00,0.00,0.00,0.00,0.00,0.00,0.00
striq-e0.01,noaa_gsod,STATION,10328,82624,11670,7.0800,0.5203,0.1040,158.79,794.46,0.010000,0.00,4.00,0.00,0.00,0.00,0.10,0.00,0.00,0.00,93.40,15.00,2.30,6.00
gorilla,noaa_gsod,STATION,10328,82624,1447,57.1002,0.0097,0.0093,8547.31,8852.57,0.000000,0.00,0.00,6.60,0.00,0.00,0.00,0.00,0.00,0.00,0.00,0.00,0.00,0.00
lz4,noaa_gsod,STATION,10328,82624,455,181.5912,0.0053,0.0060,15492.00,13770.67,0.000000,0.00,0.00,0.00,5.60,0.00,0.00,0.00,0.00,0.00,0.00,0.00,0.00,0.00
zstd-3,noaa_gsod,STATION,10328,82624,136,607.5294,0.0257,0.0087,3219.12,9533.54,0.000000,0.00,0.00,0.00,0.00,6.60,0.00,0.00,0.00,0.00,0.00,0.00,0.00,0.00
striq-e0.01,noaa_gsod,TEMP,10328,82624,32261,2.5611,0.7060,0.1090,117.03,758.02,0.010000,0.10,16.00,0.00,0.00,0.00,0.00,0.00,0.10,0.00,0.20,19.80,4.30,7.80
gorilla,noaa_gsod,TEMP,10328,82624,79156,1.0438,1.1177,0.1793,73.93,460.73,0.000000,0.00,0.00,191.80,0.00,0.00,0.00,0.00,0.00,0.00,0.00,0.00,0.00,0.00
lz4,noaa_gsod,TEMP,10328,82624,36435,2.2677,0.1347,0.0237,613.54,3491.15,0.000000,0.00,0.00,0.00,22.80,0.00,0.00,0.00,0.00,0.00,0.00,0.00,0.00,0.00
zstd-3,noaa_gsod,TEMP,10328,82624,22115,3.7361,0.2507,0.0890,329.62,928.36,0.000000,0.00,0.00,0.00,0.00,82.40,0.00,0.00,0.00,0.00,0.00,0.00,0.00,0.00
striq-e0.01,noaa_gsod,DEWP,10328,82624,32261,2.5611,0.6257,0.0650,132.06,1271.14,0.010000,0.10,9.10,0.00,0.00,0.00,0.00,0.10,0.00,0.00,0.10,22.20,4.20,7.70
lz4,noaa_gsod,DEWP,10328,82624,36327,2.2745,0.1273,0.0243,648.88,3395.51,0.000000,0.00,0.00,0.00,22.80,0.00,0.00,0.00,0.00,0.00,0.00,0.00,0.00,0.00
zstd-3,noaa_gsod,DEWP,10328,82624,22086,3.7410,0.2357,0.0963,350.60,857.69,0.000000,0.00,0.00,0.00,0.00,84.70,0.00,0.00,0.00,0.00,0.00,0.00,0.00,0.00
striq-e0.01,noaa_gsod,SLP,10328,82624,32260,2.5612,0.4753,0.0533,173.82,1549.20,0.010000,0.10,8.80,0.00,0.00,0.00,0.00,0.00,0.00,0.10,0.10,22.30,4.10,7.50
gorilla,noaa_gsod,SLP,10328,82624,70244,1.1762,0.8663,0.3603,95.37,229.30,0.000000,0.00,0.00,359.60,0.00,0.00,0.00,0.00,0.00,0.00,0.00,0.00,0.00,0.00
lz4,noaa_gsod,SLP,10328,82624,32453,2.5460,0.1097,0.0220,753.41,3755.64,0.000000,0.00,0.00,0.00,21.80,0.00,0.00,0.00,0.00,0.00,0.00,0.00,0.00,0.00
zstd-3,noaa_gsod,SLP,10328,82624,20824,3.9677,0.2087,0.0840,395.96,983.62,0.000000,0.00,0.00,0.00,0.00,80.60,0.00,0.00,0.00,0.00,0.00,0.00,0.00,0.00
striq-e0.01,noaa_gsod,VISIB,10328,82624,21937,3.7664,0.4517,0.0553,182.93,1493.20,0.010000,0.10,10.20,0.00,0.00,0.00,0.00,0.00,0.00,0.00,0.10,20.70,4.60,8.30
gorilla,noaa_gsod,VISIB,10328,82624,47205,1.7503,0.5553,0.3730,148.78,221.51,0.000000,0.00,0.00,308.40,0.00,0.00,0.00,0.00,0.00,0.00,0.00,0.00,0.00,0.00
lz4,noaa_gsod,VISIB,10328,82624,20772,3.9777,0.0727,0.0207,1137.03,3997.94,0.000000,0.00,0.00,0.00,16.90,0.00,0.00,0.00,0.00,0.00,0.00,0.00,0.00,0.00
zstd-3,noaa_gsod,VISIB,10328,82624,9895,8.3501,0.1400,0.0697,590.17,1185.99,0.000000,0.00,0.00,0.00,0.00,61.70,0.00,0.00,0.00,0.00,0.00,0.00,0.00,0.00
striq-e0.01,noaa_gsod,WDSP,10328,82624,32261,2.5611,0.6613,0.1253,124.94,659.23,0.010000,0.10,8.90,0.00,0.00,0.00,0.10,0.00,0.10,0.00,0.40,35.10,4.10,7.70
gorilla,noaa_gsod,WDSP,10328,82624,71069,1.1626,1.3747,0.4810,60.10,171.78,0.000000,0.00,0.00,367.60,0.00,0.00,0.00,0.00,0.00,0.00,0.00,0.00,0.00,0.00
lz4,noaa_gsod,WDSP,10328,82624,31451,2.6271,0.1103,0.0233,748.86,3541.03,0.000000,0.00,0.00,0.00,25.20,0.00,0.00,0.00,0.00,0.00,0.00,0.00,0.00,0.00
zstd-3,noaa_gsod,WDSP,10328,82624,17081,4.8372,0.1897,0.0893,435.63,924.90,0.000000,0.00,0.00,0.00,0.00,90.30,0.00,0.00,0.00,0.00,0.00,0.00,0.00,0.00
striq-e0.01,noaa_gsod,MXSPD,10328,82624,30287,2.7280,0.7647,0.0567,108.05,1458.07,0.010000,0.00,22.40,0.00,0.00,0.00,0.10,0.00,0.00,0.00,74.80,32.80,9.20,12.40
gorilla,noaa_gsod,MXSPD,10328,82624,64010,1.2908,0.6903,0.3247,119.69,254.49,0.000000,0.00,0.00,347.00,0.00,0.00,0.00,0.00,0.00,0.00,0.00,0.00,0.00,0.00
lz4,noaa_gsod,MXSPD,10328,82624,27670,2.9860,0.0873,0.0213,946.08,3873.00,0.000000,0.00,0.00,0.00,20.60,0.00,0.00,0.00,0.00,0.00,0.00,0.00,0.00,0.00
zstd-3,noaa_gsod,MXSPD,10328,82624,13616,6.0682,0.1590,0.0897,519.65,921.46,0.000000,0.00,0.00,0.00,0.00,82.60,0.00,0.00,0.00,0.00,0.00,0.00,0.00,0.00
striq-e0.01,noaa_gsod,MAX,10328,82624,32260,2.5612,0.4440,0.0560,186.09,1475.43,0.010000,0.00,8.70,0.00,0.00,0.00,0.00,0.00,0.00,0.00,0.10,18.90,4.00,8.00
gorilla,noaa_gsod,MAX,10328,82624,52060,1.5871,0.6527,0.3010,126.59,274.50,0.000000,0.00,0.00,272.90,0.00,0.00,0.00,0.00,0.00,0.00,0.00,0.00,0.00,0.00
lz4,noaa_gsod,MAX,10328,82624,28437,2.9055,0.0987,0.0270,837.41,3060.15,0.000000,0.00,0.00,0.00,22.50,0.00,0.00,0.00,0.00,0.00,0.00,0.00,0.00,0.00
zstd-3,noaa_gsod,MAX,10328,82624,16137,5.1202,0.1667,0.0867,495.74,953.35,0.000000,0.00,0.00,0.00,0.00,78.50,0.00,0.00,0.00,0.00,0.00,0.00,0.00,0.00
striq-e0.01,noaa_gsod,MIN,10328,82624,32260,2.5612,0.4323,0.0640,191.11,1291.00,0.010000,0.00,9.20,0.00,0.00,0.00,0.10,0.00,0.00,0.00,0.10,28.40,4.30,8.00
gorilla,noaa_gsod,MIN,10328,82624,60676,1.3617,0.6887,0.0227,119.98,3645.18,0.000000,0.00,0.00,20.90,0.00,0.00,0.00,0.00,0.00,0.00,0.00,0.00,0.00,0.00
lz4,noaa_gsod,MIN,10328,82624,28782,2.8707,0.1063,0.0240,777.03,3442.67,0.000000,0.00,0.00,0.00,21.30,0.00,0.00,0.00,0.00,0.00,0.00,0.00,0.00,0.00
zstd-3,noaa_gsod,MIN,10328,82624,15940,5.1834,0.1637,0.1227,504.83,673.57,0.000000,0.00,0.00,0.00,0.00,97.20,0.00,0.00,0.00,0.00,0.00,0.00,0.00,0.00
striq-e0.01,noaa_gsod,PRCP,10328,82624,32261,2.5611,0.4953,0.0653,166.80,1264.65,0.010000,0.00,8.90,0.00,0.00,0.00,0.00,0.10,0.00,0.00,0.20,45.80,6.10,7.70
gorilla,noaa_gsod,PRCP,10328,82624,33639,2.4562,0.4523,0.1733,182.66,476.68,0.000000,0.00,0.00,176.80,0.00,0.00,0.00,0.00,0.00,0.00,0.00,0.00,0.00,0.00
lz4,noaa_gsod,PRCP,10328,82624,14900,5.5452,0.0567,0.0197,1458.07,4201.22,0.000000,0.00,0.00,0.00,15.90,0.00,0.00,0.00,0.00,0.00,0.00,0.00,0.00,0.00
zstd-3,noaa_gsod,PRCP,10328,82624,7617,10.8473,0.1067,0.0507,774.60,1630.74,0.000000,0.00,0.00,0.00,0.00,52.90,0.00,0.00,0.00,0.00,0.00,0.00,0.00,0.00
striq-e0.01,household_power_consumption,Global_active_power,500000,4000000,1553260,2.5752,9.0730,0.1167,440.87,34285.71,0.010000,0.50,805.20,0.00,0.00,0.00,0.30,0.20,0.50,0.10,11.10,1576.80,3.30,27.00
gorilla,household_power_consumption,Global_active_power,500000,4000000,3194313,1.2522,113.3367,18.0397,35.29,221.73,0.000000,0.00,0.00,25149.90,0.00,0.00,0.00,0.00,0.00,0.00,0.00,0.00,0.00,0.00
lz4,household_power_consumption,Global_active_power,500000,4000000,1459266,2.7411,5.8113,1.1360,688.31,3521.13,0.000000,0.00,0.00,0.00,1100.70,0.00,0.00,0.00,0.00,0.00,0.00,0.00,0.00,0.00
zstd-3,household_power_consumption,Global_active_power,500000,4000000,785907,5.0897,9.5700,3.6603,417.97,1092.80,0.000000,0.00,0.00,0.00,0.00,3643.40,0.00,0.00,0.00,0.00,0.00,0.00,0.00,0.00
striq-e0.01,household_power_consumption,Global_reactive_power,500000,4000000,1553262,2.5752,6.9777,0.0873,573.26,45801.53,0.010000,0.50,467.30,0.00,0.00,0.00,0.30,0.30,0.40,0.20,14.00,6655.80,3.30,12.80
gorilla,household_power_consumption,Global_reactive_power,500000,4000000,2354620,1.6988,78.3090,17.1807,51.08,232.82,0.000000,0.00,0.00,20014.80,0.00,0.00,0.00,0.00,0.00,0.00,0.00,0.00,0.00,0.00
lz4,household_power_consumption,Global_reactive_power,500000,4000000,1078407,3.7092,4.0973,1.0607,976.24,3771.21,0.000000,0.00,0.00,0.00,1044.60,0.00,0.00,0.00,0.00,0.00,0.00,0.00,0.00,0.00
zstd-3,household_power_consumption,Global_reactive_power,500000,4000000,520164,7.6899,6.7000,3.1193,597.01,1282.33,0.000000,0.00,0.00,0.00,0.00,3221.40,0.00,0.00,0.00,0.00,0.00,0.00,0.00,0.00
striq-e0.01,household_power_consumption,Voltage,500000,4000000,1553248,2.5752,6.8840,0.0723,581.06,55299.54,0.010000,0.50,368.10,0.00,0.00,0.00,0.30,0.20,0.50,0.10,13.00,978.80,3.20,11.90
gorilla,household_power_consumption,Voltage,500000,4000000,3194328,1.2522,79.0527,17.9583,50.60,222.74,0.000000,0.00,0.00,17668.20,0.00,0.00,0.00,0.00,0.00,0.00,0.00,0.00,0.00,0.00
lz4,household_power_consumption,Voltage,500000,4000000,1790905,2.2335,6.8580,1.1093,583.26,3605.77,0.000000,0.00,0.00,0.00,1109.60,0.00,0.00,0.00,0.00,0.00,0.00,0.00,0.00,0.00
zstd-3,household_power_consumption,Voltage,500000,4000000,1039032,3.8497,12.4560,3.7420,321.13,1068.95,0.000000,0.00,0.00,0.00,0.00,3743.60,0.00,0.00,0.00,0.00,0.00,0.00,0.00,0.00
striq-e0.01,household_power_consumption,Global_intensity,500000,4000000,1417835,2.8212,6.8213,0.0697,586.40,57416.27,0.010000,0.50,386.80,0.00,0.00,0.00,0.30,0.20,0.50,0.10,12.20,946.40,5.90,14.50
gorilla,household_power_consumption,Global_intensity,500000,4000000,1516207,2.6382,15.9077,8.2070,251.45,487.39,0.000000,0.00,0.00,8171.20,0.00,0.00,0.00,0.00,0.00,0.00,0.00,0.00,0.00,0.00
lz4,household_power_consumption,Global_intensity,500000,4000000,756414,5.2881,2.7480,0.9993,1455.60,4002.67,0.000000,0.00,0.00,0.00,1069.00,0.00,0.00,0.00,0.00,0.00,0.00,0.00,0.00,0.00
zstd-3,household_power_consumption,Global_intensity,500000,4000000,377626,10.5925,4.9743,2.6210,804.13,1526.14,0.000000,0.00,0.00,0.00,0.00,2636.70,0.00,0.00,0.00,0.00,0.00,0.00,0.00,0.00
striq-e0.01,household_power_consumption,Sub_metering_1,500000,4000000,623955,6.4107,5.2513,0.0940,761.71,42553.19,0.010000,0.50,264.90,0.00,0.00,0.00,0.30,0.30,0.40,0.20,3210.90,946.40,2.50,11.60
gorilla,household_power_consumption,Sub_metering_1,500000,4000000,116232,34.4139,1.1487,0.6890,3482.30,5805.52,0.000000,0.00,0.00,667.40,0.00,0.00,0.00,0.00,0.00,0.00,0.00,0.00,0.00,0.00
lz4,household_power_consumption,Sub_metering_1,500000,4000000,83684,47.7989,0.4833,0.3063,8275.86,13057.67,0.000000,0.00,0.00,0.00,274.00,0.00,0.00,0.00,0.00,0.00,0.00,0.00,0.00,0.00
zstd-3,household_power_consumption,Sub_metering_1,500000,4000000,38871,102.9045,1.1770,1.3893,3398.47,2879.08,0.000000,0.00,0.00,0.00,0.00,1303.10,0.00,0.00,0.00,0.00,0.00,0.00,0.00,0.00
striq-e0.01,household_power_consumption,Sub_metering_2,500000,4000000,829660,4.8213,7.7863,0.0927,513.72,43165.47,0.010000,0.50,625.20,0.00,0.00,0.00,0.30,0.20,0.50,0.10,10740.10,3014.80,1.50,10.80
gorilla,household_power_consumption,Sub_metering_2,500000,4000000,246396,16.2340,2.9390,1.5447,1361.01,2589.56,0.000000,0.00,0.00,1482.00,0.00,0.00,0.00,0.00,0.00,0.00,0.00,0.00,0.00,0.00
lz4,household_power_consumption,Sub_metering_2,500000,4000000,228951,17.4710,1.1357,0.4820,3522.16,8298.76,0.000000,0.00,0.00,0.00,476.80,0.00,0.00,0.00,0.00,0.00,0.00,0.00,0.00,0.00
zstd-3,household_power_consumption,Sub_metering_2,500000,4000000,114950,34.7977,2.3997,1.3650,1666.90,2930.40,0.000000,0.00,0.00,0.00,0.00,1416.10,0.00,0.00,0.00,0.00,0.00,0.00,0.00,0.00
striq-e0.01,household_power_consumption,Sub_metering_3,500000,4000000,741392,5.3953,7.5073,0.0707,532.81,56603.77,0.010000,0.50,589.50,0.00,0.00,0.00,0.30,0.20,0.40,0.20,3100.80,1208.10,3.20,11.30
gorilla,household_power_consumption,Sub_metering_3,500000,4000000,240187,16.6537,1.9387,1.3607,2063.27,2939.74,0.000000,0.00,0.00,1399.90,0.00,0.00,0.00,0.00,0.00,0.00,0.00,0.00,0.00,0.00
lz4,household_power_consumption,Sub_metering_3,500000,4000000,191071,20.9346,1.0113,0.5377,3955.17,7439.55,0.000000,0.00,0.00,0.00,469.20,0.00,0.00,0.00,0.00,0.00,0.00,0.00,0.00,0.00
zstd-3,household_power_consumption,Sub_metering_3,500000,4000000,60336,66.2954,2.1773,1.3867,1837.11,2884.62,0.000000,0.00,0.00,0.00,0.00,7179.80,0.00,0.00,0.00,0.00,0.00,0.00,0.00,0.00
striq-e0.01,metro_traffic,temp,48204,385632,158049,2.4400,1.2293,0.0573,313.69,6726.14,0.010000,0.10,41.70,0.00,0.00,0.00,0.00,0.10,0.00,0.10,0.80,97.50,6.80,7.80
gorilla,metro_traffic,temp,48204,385632,267950,1.4392,4.2173,1.4033,91.44,274.80,0.000000,0.00,0.00,1322.40,0.00,0.00,0.00,0.00,0.00,0.00,0.00,0.00,0.00,0.00
lz4,metro_traffic,temp,48204,385632,169687,2.2726,0.5453,0.1097,707.15,3516.40,0.000000,0.00,0.00,0.00,104.60,0.00,0.00,0.00,0.00,0.00,0.00,0.00,0.00,0.00
zstd-3,metro_traffic,temp,48204,385632,102820,3.7506,1.1277,0.3577,341.97,1078.19,0.000000,0.00,0.00,0.00,0.00,353.70,0.00,0.00,0.00,0.00,0.00,0.00,0.00,0.00
striq-e0.01,metro_traffic,rain_1h,48204,385632,179471,2.1487,0.8153,0.0563,472.97,6845.54,0.010000,0.10,17.50,0.00,0.00,0.00,0.00,0.10,0.00,0.10,169.60,73.80,5.50,6.40
gorilla,metro_traffic,rain_1h,48204,385632,24161,15.9609,0.2830,0.1237,1362.66,3118.32,0.000000,0.00,0.00,124.20,0.00,0.00,0.00,0.00,0.00,0.00,0.00,0.00,0.00,0.00
lz4,metro_traffic,rain_1h,48204,385632,12910,29.8708,0.0610,0.0290,6321.84,13297.66,0.000000,0.00,0.00,0.00,23.70,0.00,0.00,0.00,0.00,0.00,0.00,0.00,0.00,0.00
zstd-3,metro_traffic,rain_1h,48204,385632,6926,55.6789,0.1283,0.1137,3004.92,3392.66,0.000000,0.00,0.00,0.00,0.00,106.90,0.00,0.00,0.00,0.00,0.00,0.00,0.00,0.00
striq-e0.01,metro_traffic,snow_1h,48204,385632,53167,7.2532,0.6710,0.0500,574.71,7712.64,0.010000,0.00,13.30,0.00,0.00,0.00,0.10,0.00,0.10,0.00,248.60,65.80,5.00,5.90
gorilla,metro_traffic,snow_1h,48204,385632,6322,60.9984,0.0360,0.0290,10712.00,13297.66,0.000000,0.00,0.00,28.60,0.00,0.00,0.00,0.00,0.00,0.00,0.00,0.00,0.00,0.00
lz4,metro_traffic,snow_1h,48204,385632,1728,223.1667,0.0180,0.0467,21424.00,8263.54,0.000000,0.00,0.00,0.00,47.20,0.00,0.00,0.00,0.00,0.00,0.00,0.00,0.00,0.00
zstd-3,metro_traffic,snow_1h,48204,385632,222,1737.0811,0.0493,0.0787,7816.86,4902.10,0.000000,0.00,0.00,0.00,0.00,77.10,0.00,0.00,0.00,0.00,0.00,0.00,0.00,0.00
striq-e0.01,metro_traffic,clouds_all,48204,385632,81882,4.7096,1.1340,0.0563,340.06,6845.54,0.010000,0.10,115.90,0.00,0.00,0.00,0.10,0.00,0.00,0.10,355.70,165.90,8.80,8.90
gorilla,metro_traffic,clouds_all,48204,385632,36482,10.5705,0.4863,0.2487,792.94,1550.80,0.000000,0.00,0.00,246.20,0.00,0.00,0.00,0.00,0.00,0.00,0.00,0.00,0.00,0.00
lz4,metro_traffic,clouds_all,48204,385632,57134,6.7496,0.2407,0.0893,1602.35,4316.78,0.000000,0.00,0.00,0.00,79.10,0.00,0.00,0.00,0.00,0.00,0.00,0.00,0.00,0.00
zstd-3,metro_traffic,clouds_all,48204,385632,25158,15.3284,0.3977,0.2283,969.74,1688.90,0.000000,0.00,0.00,0.00,0.00,228.90,0.00,0.00,0.00,0.00,0.00,0.00,0.00,0.00
striq-e0.01,metro_traffic,traffic_volume,48204,385632,149869,2.5731,0.9423,0.0547,409.23,7054.24,0.010000,0.00,36.80,0.00,0.00,0.00,0.10,0.00,0.10,0.00,1.20,89.30,6.60,8.10
gorilla,metro_traffic,traffic_volume,48204,385632,90086,4.2807,2.4620,0.5040,156.63,765.14,0.000000,0.00,0.00,491.90,0.00,0.00,0.00,0.00,0.00,0.00,0.00,0.00,0.00,0.00
lz4,metro_traffic,traffic_volume,48204,385632,166728,2.3129,0.5773,0.1133,667.95,3402.64,0.000000,0.00,0.00,0.00,105.00,0.00,0.00,0.00,0.00,0.00,0.00,0.00,0.00,0.00
zstd-3,metro_traffic,traffic_volume,48204,385632,98524,3.9141,1.1487,0.4147,335.72,929.98,0.000000,0.00,0.00,0.00,0.00,402.30,0.00,0.00,0.00,0.00,0.00,0.00,0.00,0.00
striq-e0.01,jena_climate_2009_2016,"p (mbar)",420551,3364408,980105,3.4327,5.4723,0.1240,614.80,27132.32,0.010000,0.40,350.50,0.00,0.00,0.00,0.20,0.30,0.30,0.20,7.10,825.10,5.10,8.90
gorilla,jena_climate_2009_2016,"p (mbar)",420551,3364408,2543459,1.3228,36.6613,13.7327,91.77,244.99,0.000000,0.00,0.00,34267.30,0.00,0.00,0.00,0.00,0.00,0.00,0.00,0.00,0.00,0.00
lz4,jena_climate_2009_2016,"p (mbar)",420551,3364408,1413765,2.3798,5.9640,0.9717,564.12,3462.51,0.000000,0.00,0.00,0.00,979.20,0.00,0.00,0.00,0.00,0.00,0.00,0.00,0.00,0.00
zstd-3,jena_climate_2009_2016,"p (mbar)",420551,3364408,837227,4.0185,10.1493,4.2997,331.49,782.48,0.000000,0.00,0.00,0.00,0.00,3426.70,0.00,0.00,0.00,0.00,0.00,0.00,0.00,0.00
striq-e0.01,jena_climate_2009_2016,"T (degC)",420551,3364408,1285893,2.6164,67.6157,0.0817,49.76,41196.83,0.010000,0.40,322.60,0.00,0.00,0.00,0.30,0.20,0.40,0.20,11.20,799.60,4.50,9.00
gorilla,jena_climate_2009_2016,"T (degC)",420551,3364408,3325987,1.0116,41.8583,0.0000,80.38,inf,0.000000,0.00,0.00,0.10,0.00,0.00,0.00,0.00,0.00,0.00,0.00,0.00,0.00,0.00
lz4,jena_climate_2009_2016,"T (degC)",420551,3364408,1615090,2.0831,6.0280,1.0060,558.13,3344.34,0.000000,0.00,0.00,0.00,920.50,0.00,0.00,0.00,0.00,0.00,0.00,0.00,0.00,0.00
zstd-3,jena_climate_2009_2016,"T (degC)",420551,3364408,873129,3.8533,28.1273,3.4050,119.61,988.08,0.000000,0.00,0.00,0.00,0.00,4496.50,0.00,0.00,0.00,0.00,0.00,0.00,0.00,0.00
striq-e0.01,jena_climate_2009_2016,"Tpot (K)",420551,3364408,1285893,2.6164,5.4770,0.0617,614.28,54557.97,0.010000,0.40,314.70,0.00,0.00,0.00,0.20,0.30,0.40,0.10,7.60,769.30,4.70,8.00
gorilla,jena_climate_2009_2016,"Tpot (K)",420551,3364408,2790696,1.2056,39.1857,14.6300,85.86,229.97,0.000000,0.00,0.00,14986.10,0.00,0.00,0.00,0.00,0.00,0.00,0.00,0.00,0.00,0.00
lz4,jena_climate_2009_2016,"Tpot (K)",420551,3364408,1499348,2.2439,5.8077,0.9923,579.30,3390.40,0.000000,0.00,0.00,0.00,1014.10,0.00,0.00,0.00,0.00,0.00,0.00,0.00,0.00,0.00
zstd-3,jena_climate_2009_2016,"Tpot (K)",420551,3364408,887199,3.7922,10.3703,3.1607,324.43,1064.46,0.000000,0.00,0.00,0.00,0.00,3206.50,0.00,0.00,0.00,0.00,0.00,0.00,0.00,0.00
striq-e0.01,jena_climate_2009_2016,"Tdew (degC)",420551,3364408,1250378,2.6907,5.7590,0.0610,584.20,55154.23,0.010000,0.40,326.70,0.00,0.00,0.00,0.20,0.30,0.40,0.10,9.00,817.20,4.70,8.70
gorilla,jena_climate_2009_2016,"Tdew (degC)",420551,3364408,3323398,1.0123,41.9773,0.0003,80.15,10093220.58,0.000000,0.00,0.00,0.00,0.00,0.00,0.00,0.00,0.00,0.00,0.00,0.00,0.00,0.00
lz4,jena_climate_2009_2016,"Tdew (degC)",420551,3364408,1526299,2.2043,5.6873,0.9303,591.56,3616.35,0.000000,0.00,0.00,0.00,921.70,0.00,0.00,0.00,0.00,0.00,0.00,0.00,0.00,0.00
zstd-3,jena_climate_2009_2016,"Tdew (degC)",420551,3364408,810724,4.1499,9.0303,3.2300,372.57,1041.61,0.000000,0.00,0.00,0.00,0.00,3156.50,0.00,0.00,0.00,0.00,0.00,0.00,0.00,0.00
striq-e0.01,jena_climate_2009_2016,"rh (%)",420551,3364408,1306366,2.5754,5.8903,0.0677,571.17,49720.31,0.010000,0.40,311.70,0.00,0.00,0.00,0.30,0.20,0.30,0.20,8.80,790.10,4.60,8.40
gorilla,jena_climate_2009_2016,"rh (%)",420551,3364408,2801108,1.2011,36.4677,15.1187,92.26,222.53,0.000000,0.00,0.00,17002.60,0.00,0.00,0.00,0.00,0.00,0.00,0.00,0.00,0.00,0.00
lz4,jena_climate_2009_2016,"rh (%)",420551,3364408,1514680,2.2212,6.3753,1.0063,527.72,3343.23,0.000000,0.00,0.00,0.00,990.10,0.00,0.00,0.00,0.00,0.00,0.00,0.00,0.00,0.00
zstd-3,jena_climate_2009_2016,"rh (%)",420551,3364408,900878,3.7346,10.5277,4.9693,319.58,677.03,0.000000,0.00,0.00,0.00,0.00,3489.40,0.00,0.00,0.00,0.00,0.00,0.00,0.00,0.00
striq-e0.01,jena_climate_2009_2016,"VPmax (mbar)",420551,3364408,1216282,2.7661,6.3243,0.0790,531.98,42587.44,0.010000,0.40,352.80,0.00,0.00,0.00,0.20,0.30,0.30,0.20,9.40,855.00,4.60,8.90
gorilla,jena_climate_2009_2016,"VPmax (mbar)",420551,3364408,3205732,1.0495,44.6187,17.2783,75.40,194.72,0.000000,0.00,0.00,18905.70,0.00,0.00,0.00,0.00,0.00,0.00,0.00,0.00,0.00,0.00
lz4,jena_climate_2009_2016,"VPmax (mbar)",420551,3364408,1579723,2.1297,6.0897,1.0420,552.48,3228.80,0.000000,0.00,0.00,0.00,1099.70,0.00,0.00,0.00,0.00,0.00,0.00,0.00,0.00,0.00
zstd-3,jena_climate_2009_2016,"VPmax (mbar)",420551,3364408,824658,4.0798,8.8847,3.1363,378.68,1072.72,0.000000,0.00,0.00,0.00,0.00,3098.70,0.00,0.00,0.00,0.00,0.00,0.00,0.00,0.00
striq-e0.01,jena_climate_2009_2016,"VPact (mbar)",420551,3364408,1119339,3.0057,5.7677,0.1030,583.32,32664.16,0.010000,0.40,327.20,0.00,0.00,0.00,0.30,0.20,0.40,0.10,8.50,803.20,4.90,8.70
gorilla,jena_climate_2009_2016,"VPact (mbar)",420551,3364408,3159318,1.0649,59.2363,15.9473,56.80,210.97,0.000000,0.00,0.00,17783.40,0.00,0.00,0.00,0.00,0.00,0.00,0.00,0.00,0.00,0.00
lz4,jena_climate_2009_2016,"VPact (mbar)",420551,3364408,1451946,2.3172,29.2513,1.0403,115.02,3233.97,0.000000,0.00,0.00,0.00,2661.00,0.00,0.00,0.00,0.00,0.00,0.00,0.00,0.00,0.00
zstd-3,jena_climate_2009_2016,"VPact (mbar)",420551,3364408,732438,4.5934,8.9373,3.2200,376.44,1044.85,0.000000,0.00,0.00,0.00,0.00,3507.00,0.00,0.00,0.00,0.00,0.00,0.00,0.00,0.00
striq-e0.01,jena_climate_2009_2016,"VPdef (mbar)",420551,3364408,1205334,2.7913,6.6707,0.0887,504.36,37944.45,0.010000,0.50,338.10,0.00,0.00,0.00,0.20,0.20,0.40,0.10,11.70,817.10,5.50,8.60
gorilla,jena_climate_2009_2016,"VPdef (mbar)",420551,3364408,3146459,1.0693,64.3967,16.0423,52.25,209.72,0.000000,0.00,0.00,22409.40,0.00,0.00,0.00,0.00,0.00,0.00,0.00,0.00,0.00,0.00
lz4,jena_climate_2009_2016,"VPdef (mbar)",420551,3364408,1460031,2.3043,5.3000,1.0480,634.79,3210.31,0.000000,0.00,0.00,0.00,1001.70,0.00,0.00,0.00,0.00,0.00,0.00,0.00,0.00,0.00
zstd-3,jena_climate_2009_2016,"VPdef (mbar)",420551,3364408,759628,4.4290,9.1893,3.4993,366.12,961.44,0.000000,0.00,0.00,0.00,0.00,3912.70,0.00,0.00,0.00,0.00,0.00,0.00,0.00,0.00
striq-e0.01,jena_climate_2009_2016,"sh (g/kg)",420551,3364408,1016961,3.3083,7.3210,0.0733,459.56,45878.29,0.010000,0.40,381.00,0.00,0.00,0.00,0.20,0.20,0.40,0.10,12.00,991.00,5.10,8.90
gorilla,jena_climate_2009_2016,"sh (g/kg)",420551,3364408,3022035,1.1133,37.1980,17.2557,90.45,194.97,0.000000,0.00,0.00,15737.10,0.00,0.00,0.00,0.00,0.00,0.00,0.00,0.00,0.00,0.00
lz4,jena_climate_2009_2016,"sh (g/kg)",420551,3364408,1332396,2.5251,5.1780,1.1297,649.75,2978.23,0.000000,0.00,0.00,0.00,944.20,0.00,0.00,0.00,0.00,0.00,0.00,0.00,0.00,0.00
zstd-3,jena_climate_2009_2016,"sh (g/kg)",420551,3364408,652053,5.1597,7.9000,3.2703,425.87,1028.77,0.000000,0.00,0.00,0.00,0.00,3166.50,0.00,0.00,0.00,0.00,0.00,0.00,0.00,0.00
striq-e0.01,jena_climate_2009_2016,"H2OC (mmol/mol)",420551,3364408,1127532,2.9839,7.6300,0.1317,440.94,25552.47,0.010000,0.40,459.00,0.00,0.00,0.00,0.20,0.30,0.40,0.10,77.70,882.60,6.10,9.00
gorilla,jena_climate_2009_2016,"H2OC (mmol/mol)",420551,3364408,3162614,1.0638,71.6683,16.9207,46.94,198.83,0.000000,0.00,0.00,16231.50,0.00,0.00,0.00,0.00,0.00,0.00,0.00,0.00,0.00,0.00
lz4,jena_climate_2009_2016,"H2OC (mmol/mol)",420551,3364408,1454373,2.3133,6.9813,1.0393,481.91,3237.08,0.000000,0.00,0.00,0.00,964.70,0.00,0.00,0.00,0.00,0.00,0.00,0.00,0.00,0.00
zstd-3,jena_climate_2009_2016,"H2OC (mmol/mol)",420551,3364408,735400,4.5749,8.2440,3.1410,408.10,1071.13,0.000000,0.00,0.00,0.00,0.00,3129.10,0.00,0.00,0.00,0.00,0.00,0.00,0.00,0.00
striq-e0.01,jena_climate_2009_2016,"rho (g/m**3)",420551,3364408,1306372,2.5754,9.6147,0.1250,349.92,26915.26,0.010000,0.40,331.20,0.00,0.00,0.00,0.30,0.20,0.40,0.20,11.70,812.90,4.70,9.90
gorilla,jena_climate_2009_2016,"rho (g/m**3)",420551,3364408,2767673,1.2156,45.3990,18.9840,74.11,177.22,0.000000,0.00,0.00,31423.90,0.00,0.00,0.00,0.00,0.00,0.00,0.00,0.00,0.00,0.00
lz4,jena_climate_2009_2016,"rho (g/m**3)",420551,3364408,1577950,2.1321,5.5697,0.9667,604.06,3480.42,0.000000,0.00,0.00,0.00,993.00,0.00,0.00,0.00,0.00,0.00,0.00,0.00,0.00,0.00
zstd-3,jena_climate_2009_2016,"rho (g/m**3)",420551,3364408,1073520,3.1340,16.2433,3.2210,207.13,1044.52,0.000000,0.00,0.00,0.00,0.00,3300.00,0.00,0.00,0.00,0.00,0.00,0.00,0.00,0.00
striq-e0.01,jena_climate_2009_2016,"wv (m/s)",420551,3364408,1314558,2.5593,73.6063,0.0783,45.71,42949.89,0.010000,0.40,334.70,0.00,0.00,0.00,0.30,0.20,0.30,0.20,8.20,847.50,4.70,9.00
lz4,jena_climate_2009_2016,"wv (m/s)",420551,3364408,1508891,2.2297,5.1203,9.3850,657.07,358.49,0.000000,0.00,0.00,0.00,3944.40,0.00,0.00,0.00,0.00,0.00,0.00,0.00,0.00,0.00
zstd-3,jena_climate_2009_2016,"wv (m/s)",420551,3364408,769164,4.3741,13.1847,3.2817,255.18,1025.21,0.000000,0.00,0.00,0.00,0.00,3528.00,0.00,0.00,0.00,0.00,0.00,0.00,0.00,0.00
striq-e0.01,jena_climate_2009_2016,"max. wv (m/s)",420551,3364408,1314563,2.5593,5.9263,0.0710,567.70,47386.03,0.010000,0.40,328.70,0.00,0.00,0.00,0.20,0.20,0.40,0.10,19.60,780.60,4.70,8.50
gorilla,jena_climate_2009_2016,"max. wv (m/s)",420551,3364408,3330710,1.0101,43.4227,26.7030,77.48,125.99,0.000000,0.00,0.00,15382.60,0.00,0.00,0.00,0.00,0.00,0.00,0.00,0.00,0.00,0.00
lz4,jena_climate_2009_2016,"max. wv (m/s)",420551,3364408,1454939,2.3124,5.4360,0.9113,618.91,3691.74,0.000000,0.00,0.00,0.00,910.80,0.00,0.00,0.00,0.00,0.00,0.00,0.00,0.00,0.00
zstd-3,jena_climate_2009_2016,"max. wv (m/s)",420551,3364408,720092,4.6722,18.6980,9.7060,179.93,346.63,0.000000,0.00,0.00,0.00,0.00,4068.60,0.00,0.00,0.00,0.00,0.00,0.00,0.00,0.00
striq-e0.01,jena_climate_2009_2016,"wd (deg)",420551,3364408,2139074,1.5728,6.3040,0.0770,533.69,43693.61,0.010000,0.40,361.60,0.00,0.00,0.00,1.60,0.20,0.40,0.10,12.10,835.70,5.10,8.90
lz4,jena_climate_2009_2016,"wd (deg)",420551,3364408,1695514,1.9843,20.6813,1.0770,162.68,3123.87,0.000000,0.00,0.00,0.00,1044.00,0.00,0.00,0.00,0.00,0.00,0.00,0.00,0.00,0.00
zstd-3,jena_climate_2009_2016,"wd (deg)",420551,3364408,1085776,3.0986,15.9680,3.3367,210.70,1008.31,0.000000,0.00,0.00,0.00,0.00,3277.90,0.00,0.00,0.00,0.00,0.00,0.00,0.00,0.00
striq-e0.01,synthetic,slow_sine,50000,400000,173774,2.3018,6.6007,0.1203,60.60,3324.10,0.010000,0.10,52.40,0.00,0.00,0.00,0.10,0.00,0.10,0.00,3.70,137.40,2.00,16.30
gorilla,synthetic,slow_sine,50000,400000,343445,1.1647,11.2407,1.8767,35.59,213.14,0.000000,0.00,0.00,1784.90,0.00,0.00,0.00,0.00,0.00,0.00,0.00,0.00,0.00,0.00
lz4,synthetic,slow_sine,50000,400000,183724,2.1772,0.6860,0.1060,583.09,3773.58,0.000000,0.00,0.00,0.00,90.90,0.00,0.00,0.00,0.00,0.00,0.00,0.00,0.00,0.00
zstd-3,synthetic,slow_sine,50000,400000,46003,8.6951,0.7303,0.2523,547.70,1585.20,0.000000,0.00,0.00,0.00,0.00,237.90,0.00,0.00,0.00,0.00,0.00,0.00,0.00,0.00
striq-e0.01,synthetic,ramp,50000,400000,55095,7.2602,1.0553,0.0520,379.03,7692.31,0.010000,0.20,9.60,0.00,0.00,0.00,0.00,0.10,0.00,0.00,0.50,0.40,0.90,7.20
gorilla,synthetic,ramp,50000,400000,335829,1.1911,5.5450,1.5400,72.14,259.74,0.000000,0.00,0.00,1592.70,0.00,0.00,0.00,0.00,0.00,0.00,0.00,0.00,0.00,0.00
lz4,synthetic,ramp,50000,400000,208942,1.9144,0.4997,0.1037,800.53,3858.52,0.000000,0.00,0.00,0.00,104.40,0.00,0.00,0.00,0.00,0.00,0.00,0.00,0.00,0.00
zstd-3,synthetic,ramp,50000,400000,67860,5.8945,0.8990,0.3713,444.94,1077.20,0.000000,0.00,0.00,0.00,0.00,367.90,0.00,0.00,0.00,0.00,0.00,0.00,0.00,0.00
striq-e0.01,synthetic,noise,50000,400000,155642,2.5700,0.7713,0.0557,518.58,7185.63,0.010000,0.10,16.70,0.00,0.00,0.00,0.00,0.10,0.00,0.10,0.80,70.70,1.90,11.30
lz4,synthetic,noise,50000,400000,401570,0.9961,0.0183,0.0063,21818.18,63157.90,0.000000,0.00,0.00,0.00,6.10,0.00,0.00,0.00,0.00,0.00,0.00,0.00,0.00,0.00
zstd-3,synthetic,noise,50000,400000,375993,1.0638,0.3947,0.3317,1013.51,1206.03,0.000000,0.00,0.00,0.00,0.00,327.60,0.00,0.00,0.00,0.00,0.00,0.00,0.00,0.00
striq-e0.01,noaa_gsod,STATION,10328,82624,11670,7.0800,0.5367,0.0513,153.96,1609.56,0.010000,0.00,3.60,0.00,0.00,0.00,0.10,0.00,0.00,0.00,50.70,13.00,2.10,5.80
gorilla,noaa_gsod,STATION,10328,82624,1447,57.1002,0.0087,0.0087,9533.54,9533.54,0.000000,0.00,0.00,5.90,0.00,0.00,0.00,0.00,0.00,0.00,0.00,0.00,0.00,0.00
lz4,noaa_gsod,STATION,10328,82624,455,181.5912,0.0047,0.0053,17705.14,15492.00,0.000000,0.00,0.00,0.00,5.20,0.00,0.00,0.00,0.00,0.00,0.00,0.00,0.00,0.00
zstd-3,noaa_gsod,STATION,10328,82624,136,607.5294,0.0193,0.0080,4273.66,10328.00,0.000000,0.00,0.00,0.00,0.00,5.90,0.00,0.00,0.00,0.00,0.00,0.00,0.00,0.00
striq-e0.01,noaa_gsod,TEMP,10328,82624,32261,2.5611,0.3957,0.0500,208.82,1652.48,0.010000,0.00,8.10,0.00,0.00,0.00,0.10,0.00,0.00,0.00,0.20,19.40,3.80,7.70
gorilla,noaa_gsod,TEMP,10328,82624,79156,1.0438,0.9243,0.1650,89.39,500.75,0.000000,0.00,0.00,153.60,0.00,0.00,0.00,0.00,0.00,0.00,0.00,0.00,0.00,0.00
lz4,noaa_gsod,TEMP,10328,82624,36435,2.2677,0.1187,0.0247,696.27,3349.62,0.000000,0.00,0.00,0.00,20.70,0.00,0.00,0.00,0.00,0.00,0.00,0.00,0.00,0.00
zstd-3,noaa_gsod,TEMP,10328,82624,22115,3.7361,0.2187,0.0810,377.85,1020.05,0.000000,0.00,0.00,0.00,0.00,77.50,0.00,0.00,0.00,0.00,0.00,0.00,0.00,0.00
striq-e0.01,noaa_gsod,DEWP,10328,82624,32261,2.5611,0.4233,0.0513,195.17,1609.56,0.010000,0.10,8.10,0.00,0.00,0.00,0.00,0.00,0.00,0.00,0.10,19.20,3.80,7.00
lz4,noaa_gsod,DEWP,10328,82624,36327,2.2745,0.1980,0.0230,417.29,3592.35,0.000000,0.00,0.00,0.00,22.70,0.00,0.00,0.00,0.00,0.00,0.00,0.00,0.00,0.00
zstd-3,noaa_gsod,DEWP,10328,82624,22086,3.7410,0.2433,0.0820,339.55,1007.61,0.000000,0.00,0.00,0.00,0.00,83.40,0.00,0.00,0.00,0.00,0.00,0.00,0.00,0.00
striq-e0.01,noaa_gsod,SLP,10328,82624,32260,2.5612,0.4307,0.0550,191.85,1502.25,0.010000,0.10,8.90,0.00,0.00,0.00,0.00,0.00,0.00,0.00,0.20,19.30,4.00,7.40
gorilla,noaa_gsod,SLP,10328,82624,70244,1.1762,0.7487,0.3277,110.36,252.16,0.000000,0.00,0.00,355.90,0.00,0.00,0.00,0.00,0.00,0.00,0.00,0.00,0.00,0.00
lz4,noaa_gsod,SLP,10328,82624,32453,2.5460,0.1060,0.0210,779.47,3934.48,0.000000,0.00,0.00,0.00,20.70,0.00,0.00,0.00,0.00,0.00,0.00,0.00,0.00,0.00
zstd-3,noaa_gsod,SLP,10328,82624,20824,3.9677,0.1990,0.0767,415.20,1077.70,0.000000,0.00,0.00,0.00,0.00,75.50,0.00,0.00,0.00,0.00,0.00,0.00,0.00,0.00
striq-e0.01,noaa_gsod,VISIB,10328,82624,21937,3.7664,0.4457,0.0530,185.39,1558.94,0.010000,0.10,10.10,0.00,0.00,0.00,0.00,0.00,0.10,0.00,0.10,20.50,4.40,7.80
gorilla,noaa_gsod,VISIB,10328,82624,47205,1.7503,0.4923,0.2287,167.82,361.33,0.000000,0.00,0.00,244.00,0.00,0.00,0.00,0.00,0.00,0.00,0.00,0.00,0.00,0.00
lz4,noaa_gsod,VISIB,10328,82624,20772,3.9777,0.1017,0.0213,812.70,3873.00,0.000000,0.00,0.00,0.00,17.30,0.00,0.00,0.00,0.00,0.00,0.00,0.00,0.00,0.00
zstd-3,noaa_gsod,VISIB,10328,82624,9895,8.3501,0.1287,0.0633,642.16,1304.59,0.000000,0.00,0.00,0.00,0.00,56.10,0.00,0.00,0.00,0.00,0.00,0.00,0.00,0.00
striq-e0.01,noaa_gsod,WDSP,10328,82624,32261,2.5611,0.6847,0.0507,120.68,1630.74,0.010000,0.00,8.20,0.00,0.00,0.00,0.00,0.10,0.00,0.00,0.10,19.10,3.90,7.10
gorilla,noaa_gsod,WDSP,10328,82624,71069,1.1626,0.7213,0.3233,114.54,255.54,0.000000,0.00,0.00,358.50,0.00,0.00,0.00,0.00,0.00,0.00,0.00,0.00,0.00,0.00
lz4,noaa_gsod,WDSP,10328,82624,31451,2.6271,0.0953,0.0237,866.69,3491.15,0.000000,0.00,0.00,0.00,22.00,0.00,0.00,0.00,0.00,0.00,0.00,0.00,0.00,0.00
zstd-3,noaa_gsod,WDSP,10328,82624,17081,4.8372,0.1683,0.0827,490.84,999.48,0.000000,0.00,0.00,0.00,0.00,80.70,0.00,0.00,0.00,0.00,0.00,0.00,0.00,0.00
striq-e0.01,noaa_gsod,MXSPD,10328,82624,30287,2.7280,0.6177,0.0507,133.77,1630.74,0.010000,0.00,20.80,0.00,0.00,0.00,0.10,0.00,0.00,0.00,67.80,32.70,8.30,11.40
gorilla,noaa_gsod,MXSPD,10328,82624,64010,1.2908,0.6500,0.3080,127.11,268.26,0.000000,0.00,0.00,318.70,0.00,0.00,0.00,0.00,0.00,0.00,0.00,0.00,0.00,0.00
lz4,noaa_gsod,MXSPD,10328,82624,27670,2.9860,0.0793,0.0190,1041.48,4348.63,0.000000,0.00,0.00,0.00,19.70,0.00,0.00,0.00,0.00,0.00,0.00,0.00,0.00,0.00
zstd-3,noaa_gsod,MXSPD,10328,82624,13616,6.0682,0.1457,0.0840,567.21,983.62,0.000000,0.00,0.00,0.00,0.00,78.40,0.00,0.00,0.00,0.00,0.00,0.00,0.00,0.00
striq-e0.01,noaa_gsod,MAX,10328,82624,32260,2.5612,0.4177,0.0513,197.82,1609.56,0.010000,0.10,8.10,0.00,0.00,0.00,0.00,0.00,0.00,0.00,0.20,17.70,3.80,7.00
gorilla,noaa_gsod,MAX,10328,82624,52060,1.5871,0.5407,0.2473,152.82,334.06,0.000000,0.00,0.00,289.40,0.00,0.00,0.00,0.00,0.00,0.00,0.00,0.00,0.00,0.00
lz4,noaa_gsod,MAX,10328,82624,28437,2.9055,0.0973,0.0220,848.88,3755.64,0.000000,0.00,0.00,0.00,21.10,0.00,0.00,0.00,0.00,0.00,0.00,0.00,0.00,0.00
zstd-3,noaa_gsod,MAX,10328,82624,16137,5.1202,0.1683,0.0850,490.84,972.05,0.000000,0.00,0.00,0.00,0.00,74.00,0.00,0.00,0.00,0.00,0.00,0.00,0.00,0.00
striq-e0.01,noaa_gsod,MIN,10328,82624,32260,2.5612,0.4117,0.0497,200.71,1663.57,0.010000,0.00,9.70,0.00,0.00,0.00,0.00,0.00,0.10,0.00,0.10,18.20,4.10,7.60
gorilla,noaa_gsod,MIN,10328,82624,60676,1.3617,0.5923,0.0190,139.49,4348.63,0.000000,0.00,0.00,18.70,0.00,0.00,0.00,0.00,0.00,0.00,0.00,0.00,0.00,0.00
lz4,noaa_gsod,MIN,10328,82624,28782,2.8707,0.0850,0.0200,972.05,4131.20,0.000000,0.00,0.00,0.00,19.80,0.00,0.00,0.00,0.00,0.00,0.00,0.00,0.00,0.00
zstd-3,noaa_gsod,MIN,10328,82624,15940,5.1834,0.1543,0.0817,535.36,1011.72,0.000000,0.00,0.00,0.00,0.00,99.50,0.00,0.00,0.00,0.00,0.00,0.00,0.00,0.00
striq-e0.01,noaa_gsod,PRCP,10328,82624,32261,2.5611,0.4610,0.0503,179.23,1641.54,0.010000,0.00,8.90,0.00,0.00,0.00,0.10,0.00,0.00,0.00,0.10,39.10,4.20,7.30
gorilla,noaa_gsod,PRCP,10328,82624,33639,2.4562,0.4300,0.1647,192.15,501.77,0.000000,0.00,0.00,163.30,0.00,0.00,0.00,0.00,0.00,0.00,0.00,0.00,0.00,0.00
lz4,noaa_gsod,PRCP,10328,82624,14900,5.5452,0.0540,0.0190,1530.07,4348.63,0.000000,0.00,0.00,0.00,14.90,0.00,0.00,0.00,0.00,0.00,0.00,0.00,0.00,0.00
zstd-3,noaa_gsod,PRCP,10328,82624,7617,10.8473,0.0983,0.0483,840.24,1709.46,0.000000,0.00,0.00,0.00,0.00,37.50,0.00,0.00,0.00,0.00,0.00,0.00,0.00,0.00
striq-e0.01,household_power_consumption,Global_active_power,500000,4000000,1553260,2.5752,8.0330,0.1367,497.95,29268.29,0.010000,0.40,373.20,0.00,0.00,0.00,0.30,0.30,0.40,0.10,23.50,883.20,3.40,11.60
gorilla,household_power_consumption,Global_active_power,500000,4000000,3194313,1.2522,67.6043,15.8010,59.17,253.15,0.000000,0.00,0.00,15492.40,0.00,0.00,0.00,0.00,0.00,0.00,0.00,0.00,0.00,0.00
lz4,household_power_consumption,Global_active_power,500000,4000000,1459266,2.7411,5.5370,1.0370,722.41,3857.28,0.000000,0.00,0.00,0.00,1053.90,0.00,0.00,0.00,0.00,0.00,0.00,0.00,0.00,0.00
zstd-3,household_power_consumption,Global_active_power,500000,4000000,785907,5.0897,9.1323,3.4830,438.00,1148.44,0.000000,0.00,0.00,0.00,0.00,3512.10,0.00,0.00,0.00,0.00,0.00,0.00,0.00,0.00
striq-e0.01,household_power_consumption,Global_reactive_power,500000,4000000,1553262,2.5752,7.0300,0.0633,568.99,63157.89,0.010000,0.50,343.80,0.00,0.00,0.00,0.20,0.30,0.40,0.10,9.80,1147.40,3.00,11.30
gorilla,household_power_consumption,Global_reactive_power,500000,4000000,2354620,1.6988,48.1553,11.5837,83.06,345.31,0.000000,0.00,0.00,11644.70,0.00,0.00,0.00,0.00,0.00,0.00,0.00,0.00,0.00,0.00
lz4,household_power_consumption,Global_reactive_power,500000,4000000,1078407,3.7092,3.9377,0.9993,1015.83,4002.67,0.000000,0.00,0.00,0.00,1021.50,0.00,0.00,0.00,0.00,0.00,0.00,0.00,0.00,0.00
zstd-3,household_power_consumption,Global_reactive_power,500000,4000000,520164,7.6899,6.1683,3.0047,648.47,1331.26,0.000000,0.00,0.00,0.00,0.00,3012.20,0.00,0.00,0.00,0.00,0.00,0.00,0.00,0.00
striq-e0.01,household_power_consumption,Voltage,500000,4000000,1553248,2.5752,6.8940,0.0737,580.21,54298.64,0.010000,0.50,364.60,0.00,0.00,0.00,0.20,0.20,0.40,0.20,11.40,888.70,4.30,13.30
gorilla,household_power_consumption,Voltage,500000,4000000,3194328,1.2522,46.5200,15.0397,85.98,265.96,0.000000,0.00,0.00,15087.90,0.00,0.00,0.00,0.00,0.00,0.00,0.00,0.00,0.00,0.00
lz4,household_power_consumption,Voltage,500000,4000000,1790905,2.2335,6.3730,1.0533,627.65,3797.47,0.000000,0.00,0.00,0.00,1058.80,0.00,0.00,0.00,0.00,0.00,0.00,0.00,0.00,0.00
zstd-3,household_power_consumption,Voltage,500000,4000000,1039032,3.8497,10.9323,3.4007,365.89,1176.24,0.000000,0.00,0.00,0.00,0.00,3429.10,0.00,0.00,0.00,0.00,0.00,0.00,0.00,0.00
striq-e0.01,household_power_consumption,Global_intensity,500000,4000000,1417835,2.8212,6.7137,0.0613,595.80,65217.39,0.010000,0.50,376.70,0.00,0.00,0.00,0.20,0.30,0.40,0.10,11.00,912.70,3.80,13.90
gorilla,household_power_consumption,Global_intensity,500000,4000000,1516207,2.6382,14.6333,7.7197,273.35,518.16,0.000000,0.00,0.00,7747.00,0.00,0.00,0.00,0.00,0.00,0.00,0.00,0.00,0.00,0.00
lz4,household_power_consumption,Global_intensity,500000,4000000,756414,5.2881,2.7020,0.9867,1480.38,4054.05,0.000000,0.00,0.00,0.00,986.20,0.00,0.00,0.00,0.00,0.00,0.00,0.00,0.00,0.00
zstd-3,household_power_consumption,Global_intensity,500000,4000000,377626,10.5925,4.5780,2.5053,873.74,1596.59,0.000000,0.00,0.00,0.00,0.00,2510.80,0.00,0.00,0.00,0.00,0.00,0.00,0.00,0.00
striq-e0.01,household_power_consumption,Sub_metering_1,500000,4000000,623955,6.4107,5.1260,0.0613,780.34,65217.39,0.010000,0.40,226.70,0.00,0.00,0.00,0.30,0.20,0.50,0.10,2625.30,787.70,1.80,9.30
gorilla,household_power_consumption,Sub_metering_1,500000,4000000,116232,34.4139,0.9923,0.5927,4030.90,6749.16,0.000000,0.00,0.00,607.60,0.00,0.00,0.00,0.00,0.00,0.00,0.00,0.00,0.00,0.00
lz4,household_power_consumption,Sub_metering_1,500000,4000000,83684,47.7989,0.4293,0.2650,9316.77,15094.34,0.000000,0.00,0.00,0.00,268.40,0.00,0.00,0.00,0.00,0.00,0.00,0.00,0.00,0.00
zstd-3,household_power_consumption,Sub_metering_1,500000,4000000,38871,102.9045,1.0770,1.1740,3714.02,3407.16,0.000000,0.00,0.00,0.00,0.00,1194.10,0.00,0.00,0.00,0.00,0.00,0.00,0.00,0.00
striq-e0.01,household_power_consumption,Sub_metering_2,500000,4000000,829660,4.8213,6.7713,0.0633,590.73,63157.89,0.010000,0.50,483.20,0.00,0.00,0.00,0.30,0.20,0.40,0.20,2853.80,1173.90,1.30,9.20
gorilla,household_power_consumption,Sub_metering_2,500000,4000000,246396,16.2340,2.5363,1.3230,1577.08,3023.43,0.000000,0.00,0.00,1354.60,0.00,0.00,0.00,0.00,0.00,0.00,0.00,0.00,0.00,0.00
lz4,household_power_consumption,Sub_metering_2,500000,4000000,228951,17.4710,0.8927,0.4610,4480.96,8676.79,0.000000,0.00,0.00,0.00,421.90,0.00,0.00,0.00,0.00,0.00,0.00,0.00,0.00,0.00
zstd-3,household_power_consumption,Sub_metering_2,500000,4000000,114950,34.7977,2.0787,1.2563,1924.31,3183.87,0.000000,0.00,0.00,0.00,0.00,1310.40,0.00,0.00,0.00,0.00,0.00,0.00,0.00,0.00
striq-e0.01,household_power_consumption,Sub_metering_3,500000,4000000,741392,5.3953,6.4723,0.0657,618.02,60913.71,0.010000,0.40,499.80,0.00,0.00,0.00,0.30,0.20,0.40,0.10,2857.00,1082.90,2.80,10.30
gorilla,household_power_consumption,Sub_metering_3,500000,4000000,240187,16.6537,1.8947,1.2833,2111.19,3116.88,0.000000,0.00,0.00,1308.80,0.00,0.00,0.00,0.00,0.00,0.00,0.00,0.00,0.00,0.00
lz4,household_power_consumption,Sub_metering_3,500000,4000000,191071,20.9346,0.8733,0.4323,4580.15,9252.12,0.000000,0.00,0.00,0.00,421.80,0.00,0.00,0.00,0.00,0.00,0.00,0.00,0.00,0.00
zstd-3,household_power_consumption,Sub_metering_3,500000,4000000,60336,66.2954,2.0517,1.1507,1949.63,3476.25,0.000000,0.00,0.00,0.00,0.00,1159.10,0.00,0.00,0.00,0.00,0.00,0.00,0.00,0.00
striq-e0.01,metro_traffic,temp,48204,385632,158049,2.4400,0.9967,0.0547,386.92,7054.24,0.010000,0.10,35.20,0.00,0.00,0.00,0.00,0.10,0.10,0.00,1.00,84.60,6.20,7.00
gorilla,metro_traffic,temp,48204,385632,267950,1.4392,4.0743,1.2827,94.65,300.65,0.000000,0.00,0.00,1278.70,0.00,0.00,0.00,0.00,0.00,0.00,0.00,0.00,0.00,0.00
lz4,metro_traffic,temp,48204,385632,169687,2.2726,0.5060,0.1003,762.12,3843.51,0.000000,0.00,0.00,0.00,139.90,0.00,0.00,0.00,0.00,0.00,0.00,0.00,0.00,0.00
zstd-3,metro_traffic,temp,48204,385632,102820,3.7506,1.0487,0.3357,367.74,1148.85,0.000000,0.00,0.00,0.00,0.00,337.20,0.00,0.00,0.00,0.00,0.00,0.00,0.00,0.00
striq-e0.01,metro_traffic,rain_1h,48204,385632,179471,2.1487,0.9967,0.0557,386.92,6927.52,0.010000,0.00,17.60,0.00,0.00,0.00,0.10,0.00,0.10,0.00,159.80,74.40,5.40,6.30
gorilla,metro_traffic,rain_1h,48204,385632,24161,15.9609,0.2747,0.1287,1404.00,2997.14,0.000000,0.00,0.00,117.80,0.00,0.00,0.00,0.00,0.00,0.00,0.00,0.00,0.00,0.00
lz4,metro_traffic,rain_1h,48204,385632,12910,29.8708,0.0560,0.0277,6886.29,13938.51,0.000000,0.00,0.00,0.00,22.40,0.00,0.00,0.00,0.00,0.00,0.00,0.00,0.00,0.00
zstd-3,metro_traffic,rain_1h,48204,385632,6926,55.6789,0.1333,0.1110,2892.24,3474.16,0.000000,0.00,0.00,0.00,0.00,102.50,0.00,0.00,0.00,0.00,0.00,0.00,0.00,0.00
striq-e0.01,metro_traffic,snow_1h,48204,385632,53167,7.2532,0.6980,0.0563,552.48,6845.54,0.010000,0.00,12.60,0.00,0.00,0.00,0.10,0.00,0.10,0.00,236.70,64.00,4.90,5.90
gorilla,metro_traffic,snow_1h,48204,385632,6322,60.9984,0.0323,0.0273,11926.76,14108.49,0.000000,0.00,0.00,26.30,0.00,0.00,0.00,0.00,0.00,0.00,0.00,0.00,0.00,0.00
lz4,metro_traffic,snow_1h,48204,385632,1728,223.1667,0.0170,0.0437,22684.24,8831.27,0.000000,0.00,0.00,0.00,43.00,0.00,0.00,0.00,0.00,0.00,0.00,0.00,0.00,0.00
zstd-3,metro_traffic,snow_1h,48204,385632,222,1737.0811,0.0457,0.0727,8444.50,5306.86,0.000000,0.00,0.00,0.00,0.00,71.80,0.00,0.00,0.00,0.00,0.00,0.00,0.00,0.00
striq-e0.01,metro_traffic,clouds_all,48204,385632,81882,4.7096,1.3157,0.0513,293.11,7512.31,0.010000,0.10,99.80,0.00,0.00,0.00,0.00,0.10,0.00,0.00,342.10,154.40,7.60,8.40
gorilla,metro_traffic,clouds_all,48204,385632,36482,10.5705,0.4517,0.2343,853.80,1645.66,0.000000,0.00,0.00,255.90,0.00,0.00,0.00,0.00,0.00,0.00,0.00,0.00,0.00,0.00
lz4,metro_traffic,clouds_all,48204,385632,57134,6.7496,0.2173,0.0823,1774.38,4683.79,0.000000,0.00,0.00,0.00,76.40,0.00,0.00,0.00,0.00,0.00,0.00,0.00,0.00,0.00
zstd-3,metro_traffic,clouds_all,48204,385632,25158,15.3284,0.3743,0.2117,1030.18,1821.88,0.000000,0.00,0.00,0.00,0.00,207.80,0.00,0.00,0.00,0.00,0.00,0.00,0.00,0.00
striq-e0.01,metro_traffic,traffic_volume,48204,385632,149869,2.5731,0.9783,0.0560,394.17,6886.29,0.010000,0.10,34.10,0.00,0.00,0.00,0.10,0.00,0.00,0.10,0.90,84.30,6.10,7.10
gorilla,metro_traffic,traffic_volume,48204,385632,90086,4.2807,2.1033,0.4717,183.34,817.59,0.000000,0.00,0.00,473.70,0.00,0.00,0.00,0.00,0.00,0.00,0.00,0.00,0.00,0.00
lz4,metro_traffic,traffic_volume,48204,385632,166728,2.3129,0.5213,0.0977,739.70,3948.45,0.000000,0.00,0.00,0.00,97.00,0.00,0.00,0.00,0.00,0.00,0.00,0.00,0.00,0.00
zstd-3,metro_traffic,traffic_volume,48204,385632,98524,3.9141,1.1660,0.3820,330.73,1009.51,0.000000,0.00,0.00,0.00,0.00,387.20,0.00,0.00,0.00,0.00,0.00,0.00,0.00,0.00
striq-e0.01,jena_climate_2009_2016,"p (mbar)",420551,3364408,980105,3.4327,5.7883,0.1087,581.24,30960.81,0.010000,0.40,351.70,0.00,0.00,0.00,0.20,0.30,0.30,0.20,8.40,767.40,4.60,8.80
gorilla,jena_climate_2009_2016,"p (mbar)",420551,3364408,2543459,1.3228,33.7073,12.1970,99.81,275.84,0.000000,0.00,0.00,12118.80,0.00,0.00,0.00,0.00,0.00,0.00,0.00,0.00,0.00,0.00
lz4,jena_climate_2009_2016,"p (mbar)",420551,3364408,1413765,2.3798,5.2037,0.8977,646.55,3747.95,0.000000,0.00,0.00,0.00,919.10,0.00,0.00,0.00,0.00,0.00,0.00,0.00,0.00,0.00
zstd-3,jena_climate_2009_2016,"p (mbar)",420551,3364408,837227,4.0185,8.9727,2.9517,374.96,1139.83,0.000000,0.00,0.00,0.00,0.00,2920.60,0.00,0.00,0.00,0.00,0.00,0.00,0.00,0.00
striq-e0.01,jena_climate_2009_2016,"T (degC)",420551,3364408,1285893,2.6164,6.0123,0.0590,559.58,57023.87,0.010000,0.40,310.40,0.00,0.00,0.00,0.20,0.20,0.40,0.10,8.60,743.60,4.10,7.60
gorilla,jena_climate_2009_2016,"T (degC)",420551,3364408,3325987,1.0116,40.7347,0.0000,82.59,inf,0.000000,0.00,0.00,0.10,0.00,0.00,0.00,0.00,0.00,0.00,0.00,0.00,0.00,0.00
lz4,jena_climate_2009_2016,"T (degC)",420551,3364408,1615090,2.0831,5.6527,0.9217,595.19,3650.35,0.000000,0.00,0.00,0.00,896.70,0.00,0.00,0.00,0.00,0.00,0.00,0.00,0.00,0.00
zstd-3,jena_climate_2009_2016,"T (degC)",420551,3364408,873129,3.8533,9.0917,2.9543,370.05,1138.80,0.000000,0.00,0.00,0.00,0.00,2935.40,0.00,0.00,0.00,0.00,0.00,0.00,0.00,0.00
striq-e0.01,jena_climate_2009_2016,"Tpot (K)",420551,3364408,1285893,2.6164,7.0173,0.0650,479.44,51760.12,0.010000,0.40,315.80,0.00,0.00,0.00,0.20,0.20,0.30,0.10,9.50,736.80,4.30,7.60
gorilla,jena_climate_2009_2016,"Tpot (K)",420551,3364408,2790696,1.2056,37.1723,13.2160,90.51,254.57,0.000000,0.00,0.00,13215.30,0.00,0.00,0.00,0.00,0.00,0.00,0.00,0.00,0.00,0.00
lz4,jena_climate_2009_2016,"Tpot (K)",420551,3364408,1499348,2.2439,5.2653,0.8817,638.97,3815.96,0.000000,0.00,0.00,0.00,905.80,0.00,0.00,0.00,0.00,0.00,0.00,0.00,0.00,0.00
zstd-3,jena_climate_2009_2016,"Tpot (K)",420551,3364408,887199,3.7922,9.3917,2.9307,358.23,1148.00,0.000000,0.00,0.00,0.00,0.00,2896.70,0.00,0.00,0.00,0.00,0.00,0.00,0.00,0.00
striq-e0.01,jena_climate_2009_2016,"Tdew (degC)",420551,3364408,1250378,2.6907,6.2157,0.0777,541.28,43318.56,0.010000,0.40,302.60,0.00,0.00,0.00,0.20,0.20,0.40,0.10,34.60,796.90,4.10,7.70
gorilla,jena_climate_2009_2016,"Tdew (degC)",420551,3364408,3323398,1.0123,40.5353,0.0000,83.00,inf,0.000000,0.00,0.00,0.10,0.00,0.00,0.00,0.00,0.00,0.00,0.00,0.00,0.00,0.00
lz4,jena_climate_2009_2016,"Tdew (degC)",420551,3364408,1526299,2.2043,5.4040,0.8627,622.58,3900.01,0.000000,0.00,0.00,0.00,897.50,0.00,0.00,0.00,0.00,0.00,0.00,0.00,0.00,0.00
zstd-3,jena_climate_2009_2016,"Tdew (degC)",420551,3364408,810724,4.1499,8.4290,2.9597,399.15,1136.75,0.000000,0.00,0.00,0.00,0.00,2980.40,0.00,0.00,0.00,0.00,0.00,0.00,0.00,0.00
striq-e0.01,jena_climate_2009_2016,"rh (%)",420551,3364408,1306366,2.5754,6.6487,0.0640,506.03,52568.88,0.010000,0.40,290.80,0.00,0.00,0.00,0.20,0.20,0.40,0.10,9.10,750.20,4.20,7.70
gorilla,jena_climate_2009_2016,"rh (%)",420551,3364408,2801108,1.2011,33.8597,13.3377,99.36,252.25,0.000000,0.00,0.00,13320.70,0.00,0.00,0.00,0.00,0.00,0.00,0.00,0.00,0.00,0.00
lz4,jena_climate_2009_2016,"rh (%)",420551,3364408,1514680,2.2212,5.5803,0.8680,602.90,3876.05,0.000000,0.00,0.00,0.00,888.80,0.00,0.00,0.00,0.00,0.00,0.00,0.00,0.00,0.00
zstd-3,jena_climate_2009_2016,"rh (%)",420551,3364408,900878,3.7346,9.2653,3.0357,363.12,1108.29,0.000000,0.00,0.00,0.00,0.00,3080.70,0.00,0.00,0.00,0.00,0.00,0.00,0.00,0.00
striq-e0.01,jena_climate_2009_2016,"VPmax (mbar)",420551,3364408,1216282,2.7661,5.6813,0.0603,592.19,55763.67,0.010000,0.30,317.40,0.00,0.00,0.00,0.30,0.20,0.40,0.10,8.60,741.10,4.20,7.60
gorilla,jena_climate_2009_2016,"VPmax (mbar)",420551,3364408,3205732,1.0495,39.0140,15.2327,86.24,220.87,0.000000,0.00,0.00,15220.60,0.00,0.00,0.00,0.00,0.00,0.00,0.00,0.00,0.00,0.00
lz4,jena_climate_2009_2016,"VPmax (mbar)",420551,3364408,1579723,2.1297,5.7463,0.8653,585.49,3887.99,0.000000,0.00,0.00,0.00,902.60,0.00,0.00,0.00,0.00,0.00,0.00,0.00,0.00,0.00
zstd-3,jena_climate_2009_2016,"VPmax (mbar)",420551,3364408,824658,4.0798,8.6090,2.9683,390.80,1133.43,0.000000,0.00,0.00,0.00,0.00,2979.20,0.00,0.00,0.00,0.00,0.00,0.00,0.00,0.00
striq-e0.01,jena_climate_2009_2016,"VPact (mbar)",420551,3364408,1119339,3.0057,5.3840,0.0623,624.89,53974.46,0.010000,0.40,329.10,0.00,0.00,0.00,0.20,0.30,0.30,0.10,8.90,792.50,5.10,9.80
gorilla,jena_climate_2009_2016,"VPact (mbar)",420551,3364408,3159318,1.0649,37.3370,14.9660,90.11,224.80,0.000000,0.00,0.00,15139.60,0.00,0.00,0.00,0.00,0.00,0.00,0.00,0.00,0.00,0.00
lz4,jena_climate_2009_2016,"VPact (mbar)",420551,3364408,1451946,2.3172,5.4940,0.8770,612.38,3836.27,0.000000,0.00,0.00,0.00,896.00,0.00,0.00,0.00,0.00,0.00,0.00,0.00,0.00,0.00
zstd-3,jena_climate_2009_2016,"VPact (mbar)",420551,3364408,732438,4.5934,7.7057,3.0180,436.61,1114.78,0.000000,0.00,0.00,0.00,0.00,3095.60,0.00,0.00,0.00,0.00,0.00,0.00,0.00,0.00
striq-e0.01,jena_climate_2009_2016,"VPdef (mbar)",420551,3364408,1205334,2.7913,6.3660,0.0637,528.50,52844.10,0.010000,0.40,319.60,0.00,0.00,0.00,0.20,0.20,0.40,0.10,9.50,765.90,4.20,7.60
gorilla,jena_climate_2009_2016,"VPdef (mbar)",420551,3364408,3146459,1.0693,38.5780,15.0757,87.21,223.17,0.000000,0.00,0.00,15057.70,0.00,0.00,0.00,0.00,0.00,0.00,0.00,0.00,0.00,0.00
lz4,jena_climate_2009_2016,"VPdef (mbar)",420551,3364408,1460031,2.3043,5.0207,0.8803,670.11,3821.74,0.000000,0.00,0.00,0.00,886.50,0.00,0.00,0.00,0.00,0.00,0.00,0.00,0.00,0.00
zstd-3,jena_climate_2009_2016,"VPdef (mbar)",420551,3364408,759628,4.4290,8.0490,3.0360,417.99,1108.17,0.000000,0.00,0.00,0.00,0.00,2989.30,0.00,0.00,0.00,0.00,0.00,0.00,0.00,0.00
striq-e0.01,jena_climate_2009_2016,"sh (g/kg)",420551,3364408,1016961,3.3083,5.7223,0.0607,587.94,55457.27,0.010000,0.40,350.80,0.00,0.00,0.00,0.20,0.20,0.40,0.20,9.80,786.10,4.70,8.20
gorilla,jena_climate_2009_2016,"sh (g/kg)",420551,3364408,3022035,1.1133,35.1910,14.5183,95.60,231.74,0.000000,0.00,0.00,23506.70,0.00,0.00,0.00,0.00,0.00,0.00,0.00,0.00,0.00,0.00
lz4,jena_climate_2009_2016,"sh (g/kg)",420551,3364408,1332396,2.5251,4.7457,0.9503,708.94,3540.24,0.000000,0.00,0.00,0.00,886.70,0.00,0.00,0.00,0.00,0.00,0.00,0.00,0.00,0.00
zstd-3,jena_climate_2009_2016,"sh (g/kg)",420551,3364408,652053,5.1597,7.0363,3.0267,478.15,1111.59,0.000000,0.00,0.00,0.00,0.00,3030.30,0.00,0.00,0.00,0.00,0.00,0.00,0.00,0.00
striq-e0.01,jena_climate_2009_2016,"H2OC (mmol/mol)",420551,3364408,1127532,2.9839,5.5037,0.0603,611.30,55763.67,0.010000,0.40,309.50,0.00,0.00,0.00,0.20,0.20,0.40,0.10,9.40,772.70,4.60,8.20
gorilla,jena_climate_2009_2016,"H2OC (mmol/mol)",420551,3364408,3162614,1.0638,37.5433,15.0960,89.61,222.87,0.000000,0.00,0.00,15045.30,0.00,0.00,0.00,0.00,0.00,0.00,0.00,0.00,0.00,0.00
lz4,jena_climate_2009_2016,"H2OC (mmol/mol)",420551,3364408,1454373,2.3133,5.4913,0.8600,612.68,3912.10,0.000000,0.00,0.00,0.00,897.90,0.00,0.00,0.00,0.00,0.00,0.00,0.00,0.00,0.00
zstd-3,jena_climate_2009_2016,"H2OC (mmol/mol)",420551,3364408,735400,4.5749,7.6713,3.0273,438.57,1111.34,0.000000,0.00,0.00,0.00,0.00,3044.20,0.00,0.00,0.00,0.00,0.00,0.00,0.00,0.00
striq-e0.01,jena_climate_2009_2016,"rho (g/m**3)",420551,3364408,1306372,2.5754,6.2313,0.0647,539.92,52026.93,0.010000,0.40,287.40,0.00,0.00,0.00,0.20,0.20,0.40,0.10,10.50,754.60,5.60,7.60
gorilla,jena_climate_2009_2016,"rho (g/m**3)",420551,3364408,2767673,1.2156,40.0500,13.0690,84.01,257.43,0.000000,0.00,0.00,13072.00,0.00,0.00,0.00,0.00,0.00,0.00,0.00,0.00,0.00,0.00
lz4,jena_climate_2009_2016,"rho (g/m**3)",420551,3364408,1577950,2.1321,4.9060,0.8720,685.77,3858.27,0.000000,0.00,0.00,0.00,904.10,0.00,0.00,0.00,0.00,0.00,0.00,0.00,0.00,0.00
zstd-3,jena_climate_2009_2016,"rho (g/m**3)",420551,3364408,1073520,3.1340,11.9960,2.9077,280.46,1157.08,0.000000,0.00,0.00,0.00,0.00,2958.30,0.00,0.00,0.00,0.00,0.00,0.00,0.00,0.00
striq-e0.01,jena_climate_2009_2016,"wv (m/s)",420551,3364408,1314558,2.5593,6.4550,0.0610,521.21,55154.23,0.010000,0.30,289.80,0.00,0.00,0.00,0.30,0.20,0.30,0.20,8.60,756.40,4.20,7.60
lz4,jena_climate_2009_2016,"wv (m/s)",420551,3364408,1508891,2.2297,4.9310,0.8793,682.30,3826.09,0.000000,0.00,0.00,0.00,904.90,0.00,0.00,0.00,0.00,0.00,0.00,0.00,0.00,0.00
zstd-3,jena_climate_2009_2016,"wv (m/s)",420551,3364408,769164,4.3741,7.9467,2.9527,423.37,1139.45,0.000000,0.00,0.00,0.00,0.00,2985.50,0.00,0.00,0.00,0.00,0.00,0.00,0.00,0.00
striq-e0.01,jena_climate_2009_2016,"max. wv (m/s)",420551,3364408,1314563,2.5593,6.2480,0.0647,538.48,52026.93,0.010000,0.30,288.60,0.00,0.00,0.00,0.20,0.20,0.40,0.10,8.60,758.10,5.00,9.50
gorilla,jena_climate_2009_2016,"max. wv (m/s)",420551,3364408,3330710,1.0101,42.0007,12.9523,80.10,259.75,0.000000,0.00,0.00,12954.70,0.00,0.00,0.00,0.00,0.00,0.00,0.00,0.00,0.00,0.00
lz4,jena_climate_2009_2016,"max. wv (m/s)",420551,3364408,1454939,2.3124,5.2293,0.9583,643.37,3510.69,0.000000,0.00,0.00,0.00,889.80,0.00,0.00,0.00,0.00,0.00,0.00,0.00,0.00,0.00
zstd-3,jena_climate_2009_2016,"max. wv (m/s)",420551,3364408,720092,4.6722,7.3847,3.2030,455.59,1050.39,0.000000,0.00,0.00,0.00,0.00,3079.00,0.00,0.00,0.00,0.00,0.00,0.00,0.00,0.00
striq-e0.01,jena_climate_2009_2016,"wd (deg)",420551,3364408,2139074,1.5728,6.8427,0.0643,491.68,52296.50,0.010000,0.30,335.30,0.00,0.00,0.00,0.30,0.20,0.30,0.10,13.50,846.40,4.60,8.10
lz4,jena_climate_2009_2016,"wd (deg)",420551,3364408,1695514,1.9843,5.3360,0.8797,630.51,3824.64,0.000000,0.00,0.00,0.00,906.00,0.00,0.00,0.00,0.00,0.00,0.00,0.00,0.00,0.00
zstd-3,jena_climate_2009_2016,"wd (deg)",420551,3364408,1085776,3.0986,11.6097,3.1837,289.79,1056.77,0.000000,0.00,0.00,0.00,0.00,3129.50,0.00,0.00,0.00,0.00,0.00,0.00,0.00,0.00
striq-e0.01,synthetic,slow_sine,50000,400000,173774,2.3018,3.1863,0.1090,125.54,3669.72,0.010000,0.10,26.70,0.00,0.00,0.00,0.10,0.00,0.00,0.10,4.20,76.00,1.10,7.90
gorilla,synthetic,slow_sine,50000,400000,343445,1.1647,8.1167,1.6030,49.28,249.53,0.000000,0.00,0.00,1645.40,0.00,0.00,0.00,0.00,0.00,0.00,0.00,0.00,0.00,0.00
lz4,synthetic,slow_sine,50000,400000,183724,2.1772,0.6510,0.0903,614.44,4428.04,0.000000,0.00,0.00,0.00,89.80,0.00,0.00,0.00,0.00,0.00,0.00,0.00,0.00,0.00
zstd-3,synthetic,slow_sine,50000,400000,46003,8.6951,0.6187,0.2563,646.55,1560.47,0.000000,0.00,0.00,0.00,0.00,281.30,0.00,0.00,0.00,0.00,0.00,0.00,0.00,0.00
striq-e0.01,synthetic,ramp,50000,400000,55095,7.2602,0.8297,0.0553,482.12,7228.92,0.010000,0.10,9.90,0.00,0.00,0.00,0.10,0.00,0.10,0.00,0.60,0.40,1.00,7.60
gorilla,synthetic,ramp,50000,400000,335829,1.1911,5.6150,1.5940,71.24,250.94,0.000000,0.00,0.00,1617.30,0.00,0.00,0.00,0.00,0.00,0.00,0.00,0.00,0.00,0.00
lz4,synthetic,ramp,50000,400000,208942,1.9144,0.5270,0.1020,759.01,3921.57,0.000000,0.00,0.00,0.00,100.10,0.00,0.00,0.00,0.00,0.00,0.00,0.00,0.00,0.00
zstd-3,synthetic,ramp,50000,400000,67860,5.8945,0.7807,0.3720,512.38,1075.27,0.000000,0.00,0.00,0.00,0.00,390.10,0.00,0.00,0.00,0.00,0.00,0.00,0.00,0.00
striq-e0.01,synthetic,noise,50000,400000,155642,2.5700,0.8497,0.0677,470.77,5911.33,0.010000,0.10,17.50,0.00,0.00,0.00,0.10,0.00,0.10,0.00,1.10,71.50,1.70,8.80
lz4,synthetic,noise,50000,400000,401570,0.9961,0.0173,0.0067,23076.92,60000.00,0.000000,0.00,0.00,0.00,7.00,0.00,0.00,0.00,0.00,0.00,0.00,0.00,0.00,0.00
zstd-3,synthetic,noise,50000,400000,375993,1.0638,0.3997,0.3367,1000.83,1188.12,0.000000,0.00,0.00,0.00,0.00,357.90,0.00,0.00,0.00,0.00,0.00,0.00,0.00,0.00
striq-e0.01,noaa_gsod,STATION,10328,82624,11670,7.0800,0.6393,0.0530,129.23,1558.94,0.010000,0.10,3.70,0.00,0.00,0.00,0.00,0.00,0.00,0.10,51.40,13.80,2.20,5.80
gorilla,noaa_gsod,STATION,10328,82624,1447,57.1002,0.0093,0.0097,8852.57,8547.31,0.000000,0.00,0.00,6.20,0.00,0.00,0.00,0.00,0.00,0.00,0.00,0.00,0.00,0.00
lz4,noaa_gsod,STATION,10328,82624,455,181.5912,0.0047,0.0053,17705.14,15492.00,0.000000,0.00,0.00,0.00,5.20,0.00,0.00,0.00,0.00,0.00,0.00,0.00,0.00,0.00
zstd-3,noaa_gsod,STATION,10328,82624,136,607.5294,0.0183,0.0240,4506.76,3442.67,0.000000,0.00,0.00,0.00,0.00,5.90,0.00,0.00,0.00,0.00,0.00,0.00,0.00,0.00
striq-e0.01,noaa_gsod,TEMP,10328,82624,32261,2.5611,0.4080,0.0553,202.51,1493.20,0.010000,0.00,8.10,0.00,0.00,0.00,0.00,0.00,0.10,0.00,0.10,19.50,3.90,7.00
gorilla,noaa_gsod,TEMP,10328,82624,79156,1.0438,0.8270,0.1567,99.91,527.39,0.000000,0.00,0.00,155.90,0.00,0.00,0.00,0.00,0.00,0.00,0.00,0.00,0.00,0.00
lz4,noaa_gsod,TEMP,10328,82624,36435,2.2677,0.1233,0.0210,669.92,3934.48,0.000000,0.00,0.00,0.00,20.80,0.00,0.00,0.00,0.00,0.00,0.00,0.00,0.00,0.00
zstd-3,noaa_gsod,TEMP,10328,82624,22115,3.7361,0.2890,0.0880,285.90,938.91,0.000000,0.00,0.00,0.00,0.00,82.90,0.00,0.00,0.00,0.00,0.00,0.00,0.00,0.00
striq-e0.01,noaa_gsod,DEWP,10328,82624,32261,2.5611,0.4347,0.0497,190.09,1663.57,0.010000,0.00,8.10,0.00,0.00,0.00,0.10,0.00,0.00,0.00,0.10,19.10,3.80,6.90
lz4,noaa_gsod,DEWP,10328,82624,36327,2.2745,0.1217,0.0210,679.10,3934.48,0.000000,0.00,0.00,0.00,23.20,0.00,0.00,0.00,0.00,0.00,0.00,0.00,0.00,0.00
zstd-3,noaa_gsod,DEWP,10328,82624,22086,3.7410,0.2390,0.0930,345.71,888.43,0.000000,0.00,0.00,0.00,0.00,88.40,0.00,0.00,0.00,0.00,0.00,0.00,0.00,0.00
striq-e0.01,noaa_gsod,SLP,10328,82624,32260,2.5612,0.4047,0.1333,204.18,619.68,0.010000,0.00,8.80,0.00,0.00,0.00,0.00,0.10,0.00,0.00,0.10,20.60,4.20,7.60
gorilla,noaa_gsod,SLP,10328,82624,70244,1.1762,0.7567,0.3193,109.19,258.74,0.000000,0.00,0.00,350.00,0.00,0.00,0.00,0.00,0.00,0.00,0.00,0.00,0.00,0.00
lz4,noaa_gsod,SLP,10328,82624,32453,2.5460,0.1047,0.0250,789.40,3304.96,0.000000,0.00,0.00,0.00,22.70,0.00,0.00,0.00,0.00,0.00,0.00,0.00,0.00,0.00
zstd-3,noaa_gsod,SLP,10328,82624,20824,3.9677,0.2250,0.1503,367.22,549.61,0.000000,0.00,0.00,0.00,0.00,127.40,0.00,0.00,0.00,0.00,0.00,0.00,0.00,0.00
striq-e0.01,noaa_gsod,VISIB,10328,82624,21937,3.7664,0.6720,0.0670,122.95,1233.19,0.010000,0.10,10.20,0.00,0.00,0.00,0.00,0.00,0.00,0.00,0.10,20.50,4.70,8.20
gorilla,noaa_gsod,VISIB,10328,82624,47205,1.7503,0.4983,0.2480,165.80,333.16,0.000000,0.00,0.00,232.40,0.00,0.00,0.00,0.00,0.00,0.00,0.00,0.00,0.00,0.00
lz4,noaa_gsod,VISIB,10328,82624,20772,3.9777,0.0697,0.0190,1185.99,4348.63,0.000000,0.00,0.00,0.00,16.50,0.00,0.00,0.00,0.00,0.00,0.00,0.00,0.00,0.00
zstd-3,noaa_gsod,VISIB,10328,82624,9895,8.3501,0.1290,0.0660,640.50,1251.88,0.000000,0.00,0.00,0.00,0.00,54.70,0.00,0.00,0.00,0.00,0.00,0.00,0.00,0.00
striq-e0.01,noaa_gsod,WDSP,10328,82624,32261,2.5611,0.5403,0.0530,152.91,1558.94,0.010000,0.10,8.90,0.00,0.00,0.00,0.00,0.00,0.10,0.00,0.10,20.00,3.90,6.90
gorilla,noaa_gsod,WDSP,10328,82624,71069,1.1626,0.7320,0.3233,112.87,255.54,0.000000,0.00,0.00,334.70,0.00,0.00,0.00,0.00,0.00,0.00,0.00,0.00,0.00,0.00
lz4,noaa_gsod,WDSP,10328,82624,31451,2.6271,0.0883,0.0210,935.37,3934.48,0.000000,0.00,0.00,0.00,20.90,0.00,0.00,0.00,0.00,0.00,0.00,0.00,0.00,0.00
zstd-3,noaa_gsod,WDSP,10328,82624,17081,4.8372,0.1683,0.0830,490.84,995.47,0.000000,0.00,0.00,0.00,0.00,103.50,0.00,0.00,0.00,0.00,0.00,0.00,0.00,0.00
striq-e0.01,noaa_gsod,MXSPD,10328,82624,30287,2.7280,0.6110,0.0487,135.23,1697.75,0.010000,0.00,23.00,0.00,0.00,0.00,0.10,0.00,0.00,0.00,68.80,30.80,9.20,11.90
gorilla,noaa_gsod,MXSPD,10328,82624,64010,1.2908,0.6527,0.2977,126.59,277.57,0.000000,0.00,0.00,330.80,0.00,0.00,0.00,0.00,0.00,0.00,0.00,0.00,0.00,0.00
lz4,noaa_gsod,MXSPD,10328,82624,27670,2.9860,0.0870,0.0207,949.70,3997.94,0.000000,0.00,0.00,0.00,20.40,0.00,0.00,0.00,0.00,0.00,0.00,0.00,0.00,0.00
zstd-3,noaa_gsod,MXSPD,10328,82624,13616,6.0682,0.1647,0.0857,501.77,964.48,0.000000,0.00,0.00,0.00,0.00,82.40,0.00,0.00,0.00,0.00,0.00,0.00,0.00,0.00
striq-e0.01,noaa_gsod,MAX,10328,82624,32260,2.5612,0.4963,0.0527,166.47,1568.81,0.010000,0.10,8.10,0.00,0.00,0.00,0.00,0.00,0.00,0.00,0.00,18.60,3.80,7.00
gorilla,noaa_gsod,MAX,10328,82624,52060,1.5871,0.5433,0.2470,152.07,334.51,0.000000,0.00,0.00,259.50,0.00,0.00,0.00,0.00,0.00,0.00,0.00,0.00,0.00,0.00
lz4,noaa_gsod,MAX,10328,82624,28437,2.9055,0.1280,0.0510,645.50,1620.08,0.000000,0.00,0.00,0.00,21.60,0.00,0.00,0.00,0.00,0.00,0.00,0.00,0.00,0.00
zstd-3,noaa_gsod,MAX,10328,82624,16137,5.1202,0.1687,0.0857,489.87,964.48,0.000000,0.00,0.00,0.00,0.00,85.50,0.00,0.00,0.00,0.00,0.00,0.00,0.00,0.00
striq-e0.01,noaa_gsod,MIN,10328,82624,32260,2.5612,0.4127,0.0540,200.22,1530.07,0.010000,0.00,8.10,0.00,0.00,0.00,0.00,0.10,0.00,0.00,0.10,18.90,3.80,7.00
gorilla,noaa_gsod,MIN,10328,82624,60676,1.3617,0.5943,0.0190,139.02,4348.63,0.000000,0.00,0.00,18.70,0.00,0.00,0.00,0.00,0.00,0.00,0.00,0.00,0.00,0.00
lz4,noaa_gsod,MIN,10328,82624,28782,2.8707,0.0867,0.0200,953.35,4131.20,0.000000,0.00,0.00,0.00,19.80,0.00,0.00,0.00,0.00,0.00,0.00,0.00,0.00,0.00
zstd-3,noaa_gsod,MIN,10328,82624,15940,5.1834,0.1563,0.0817,528.51,1011.72,0.000000,0.00,0.00,0.00,0.00,75.20,0.00,0.00,0.00,0.00,0.00,0.00,0.00,0.00
striq-e0.01,noaa_gsod,PRCP,10328,82624,32261,2.5611,0.4050,0.0507,204.01,1630.74,0.010000,0.00,10.20,0.00,0.00,0.00,0.00,0.10,0.00,0.00,0.10,36.20,4.20,16.90
gorilla,noaa_gsod,PRCP,10328,82624,33639,2.4562,0.4860,0.1787,170.01,462.45,0.000000,0.00,0.00,164.90,0.00,0.00,0.00,0.00,0.00,0.00,0.00,0.00,0.00,0.00
lz4,noaa_gsod,PRCP,10328,82624,14900,5.5452,0.0603,0.0203,1369.46,4063.48,0.000000,0.00,0.00,0.00,15.70,0.00,0.00,0.00,0.00,0.00,0.00,0.00,0.00,0.00
zstd-3,noaa_gsod,PRCP,10328,82624,7617,10.8473,0.1053,0.0497,784.41,1663.57,0.000000,0.00,0.00,0.00,0.00,38.10,0.00,0.00,0.00,0.00,0.00,0.00,0.00,0.00
striq-e0.01,household_power_consumption,Global_active_power,500000,4000000,1553260,2.5752,6.8907,0.0783,580.50,51063.83,0.010000,0.50,341.00,0.00,0.00,0.00,0.30,0.30,0.40,0.10,12.00,885.40,3.10,11.60
gorilla,household_power_consumption,Global_active_power,500000,4000000,3194313,1.2522,67.5070,15.7523,59.25,253.93,0.000000,0.00,0.00,15414.40,0.00,0.00,0.00,0.00,0.00,0.00,0.00,0.00,0.00,0.00
lz4,household_power_consumption,Global_active_power,500000,4000000,1459266,2.7411,5.5643,1.0380,718.86,3853.56,0.000000,0.00,0.00,0.00,1047.70,0.00,0.00,0.00,0.00,0.00,0.00,0.00,0.00,0.00
zstd-3,household_power_consumption,Global_active_power,500000,4000000,785907,5.0897,9.0943,3.4770,439.83,1150.42,0.000000,0.00,0.00,0.00,0.00,3504.30,0.00,0.00,0.00,0.00,0.00,0.00,0.00,0.00
striq-e0.01,household_power_consumption,Global_reactive_power,500000,4000000,1553262,2.5752,6.3710,0.0667,627.84,60000.00,0.010000,0.50,341.90,0.00,0.00,0.00,0.20,0.30,0.40,0.20,12.70,1153.40,3.00,11.20
gorilla,household_power_consumption,Global_reactive_power,500000,4000000,2354620,1.6988,48.1690,11.6560,83.04,343.17,0.000000,0.00,0.00,11655.00,0.00,0.00,0.00,0.00,0.00,0.00,0.00,0.00,0.00,0.00
lz4,household_power_consumption,Global_reactive_power,500000,4000000,1078407,3.7092,3.8930,0.9980,1027.49,4008.02,0.000000,0.00,0.00,0.00,1017.20,0.00,0.00,0.00,0.00,0.00,0.00,0.00,0.00,0.00
zstd-3,household_power_consumption,Global_reactive_power,500000,4000000,520164,7.6899,6.2110,3.0127,644.02,1327.73,0.000000,0.00,0.00,0.00,0.00,3008.80,0.00,0.00,0.00,0.00,0.00,0.00,0.00,0.00
striq-e0.01,household_power_consumption,Voltage,500000,4000000,1553248,2.5752,6.3733,0.0630,627.62,63492.06,0.010000,0.40,341.90,0.00,0.00,0.00,0.30,0.20,0.40,0.10,9.10,896.10,2.90,11.10
gorilla,household_power_consumption,Voltage,500000,4000000,3194328,1.2522,46.0207,15.0927,86.92,265.03,0.000000,0.00,0.00,15054.00,0.00,0.00,0.00,0.00,0.00,0.00,0.00,0.00,0.00,0.00
lz4,household_power_consumption,Voltage,500000,4000000,1790905,2.2335,6.3307,1.0517,631.84,3803.49,0.000000,0.00,0.00,0.00,1057.60,0.00,0.00,0.00,0.00,0.00,0.00,0.00,0.00,0.00
zstd-3,household_power_consumption,Voltage,500000,4000000,1039032,3.8497,10.7540,3.4400,371.95,1162.79,0.000000,0.00,0.00,0.00,0.00,3445.80,0.00,0.00,0.00,0.00,0.00,0.00,0.00,0.00
striq-e0.01,household_power_consumption,Global_intensity,500000,4000000,1417835,2.8212,6.3017,0.0610,634.75,65573.77,0.010000,0.40,361.90,0.00,0.00,0.00,0.30,0.20,0.40,0.20,8.70,909.30,3.40,12.20
gorilla,household_power_consumption,Global_intensity,500000,4000000,1516207,2.6382,14.6207,7.7400,273.59,516.80,0.000000,0.00,0.00,7712.20,0.00,0.00,0.00,0.00,0.00,0.00,0.00,0.00,0.00,0.00
lz4,household_power_consumption,Global_intensity,500000,4000000,756414,5.2881,2.7610,1.0147,1448.75,3942.18,0.000000,0.00,0.00,0.00,1050.00,0.00,0.00,0.00,0.00,0.00,0.00,0.00,0.00,0.00
zstd-3,household_power_consumption,Global_intensity,500000,4000000,377626,10.5925,5.0563,2.7227,791.09,1469.15,0.000000,0.00,0.00,0.00,0.00,2610.30,0.00,0.00,0.00,0.00,0.00,0.00,0.00,0.00
striq-e0.01,household_power_consumption,Sub_metering_1,500000,4000000,623955,6.4107,5.1163,0.0647,781.81,61855.67,0.010000,0.40,221.80,0.00,0.00,0.00,0.30,0.20,0.50,0.10,2862.60,870.80,1.80,9.20
gorilla,household_power_consumption,Sub_metering_1,500000,4000000,116232,34.4139,1.1470,0.7523,3487.36,5316.79,0.000000,0.00,0.00,605.70,0.00,0.00,0.00,0.00,0.00,0.00,0.00,0.00,0.00,0.00
lz4,household_power_consumption,Sub_metering_1,500000,4000000,83684,47.7989,0.4827,0.4207,8287.29,9508.72,0.000000,0.00,0.00,0.00,282.40,0.00,0.00,0.00,0.00,0.00,0.00,0.00,0.00,0.00
zstd-3,household_power_consumption,Sub_metering_1,500000,4000000,38871,102.9045,1.0590,1.4507,3777.15,2757.35,0.000000,0.00,0.00,0.00,0.00,1269.60,0.00,0.00,0.00,0.00,0.00,0.00,0.00,0.00
striq-e0.01,household_power_consumption,Sub_metering_2,500000,4000000,829660,4.8213,6.5800,0.0650,607.90,61538.46,0.010000,0.40,535.00,0.00,0.00,0.00,0.30,0.20,0.40,0.20,2999.60,1182.30,1.30,9.40
gorilla,household_power_consumption,Sub_metering_2,500000,4000000,246396,16.2340,2.4417,1.4213,1638.23,2814.26,0.000000,0.00,0.00,1417.50,0.00,0.00,0.00,0.00,0.00,0.00,0.00,0.00,0.00,0.00
lz4,household_power_consumption,Sub_metering_2,500000,4000000,228951,17.4710,1.1820,0.5627,3384.09,7109.00,0.000000,0.00,0.00,0.00,455.00,0.00,0.00,0.00,0.00,0.00,0.00,0.00,0.00,0.00
zstd-3,household_power_consumption,Sub_metering_2,500000,4000000,114950,34.7977,2.3803,1.3150,1680.44,3041.83,0.000000,0.00,0.00,0.00,0.00,1427.70,0.00,0.00,0.00,0.00,0.00,0.00,0.00,0.00
striq-e0.01,household_power_consumption,Sub_metering_3,500000,4000000,741392,5.3953,6.1517,0.0710,650.23,56338.03,0.010000,0.50,501.90,0.00,0.00,0.00,0.30,0.20,0.40,0.20,3045.90,1087.60,2.90,10.40
gorilla,household_power_consumption,Sub_metering_3,500000,4000000,240187,16.6537,1.9210,1.2863,2082.25,3109.61,0.000000,0.00,0.00,1360.10,0.00,0.00,0.00,0.00,0.00,0.00,0.00,0.00,0.00,0.00
lz4,household_power_consumption,Sub_metering_3,500000,4000000,191071,20.9346,0.8390,0.4427,4767.58,9036.14,0.000000,0.00,0.00,0.00,449.10,0.00,0.00,0.00,0.00,0.00,0.00,0.00,0.00,0.00
zstd-3,household_power_consumption,Sub_metering_3,500000,4000000,60336,66.2954,2.0163,1.1340,1983.80,3527.34,0.000000,0.00,0.00,0.00,0.00,1174.90,0.00,0.00,0.00,0.00,0.00,0.00,0.00,0.00
striq-e0.01,metro_traffic,temp,48204,385632,158049,2.4400,1.0380,0.0537,371.51,7185.69,0.010000,0.10,35.20,0.00,0.00,0.00,0.10,0.00,0.00,0.00,0.90,84.30,7.50,7.50
gorilla,metro_traffic,temp,48204,385632,267950,1.4392,4.1093,1.2760,93.84,302.22,0.000000,0.00,0.00,1283.10,0.00,0.00,0.00,0.00,0.00,0.00,0.00,0.00,0.00,0.00
lz4,metro_traffic,temp,48204,385632,169687,2.2726,0.5197,0.1517,742.08,2542.63,0.000000,0.00,0.00,0.00,105.00,0.00,0.00,0.00,0.00,0.00,0.00,0.00,0.00,0.00
zstd-3,metro_traffic,temp,48204,385632,102820,3.7506,1.0510,0.3420,366.92,1127.58,0.000000,0.00,0.00,0.00,0.00,330.50,0.00,0.00,0.00,0.00,0.00,0.00,0.00,0.00
striq-e0.01,metro_traffic,rain_1h,48204,385632,179471,2.1487,0.9277,0.0537,415.70,7185.69,0.010000,0.10,16.00,0.00,0.00,0.00,0.00,0.10,0.00,0.00,158.70,71.90,4.90,5.90
gorilla,metro_traffic,rain_1h,48204,385632,24161,15.9609,0.2660,0.1293,1449.74,2981.69,0.000000,0.00,0.00,120.40,0.00,0.00,0.00,0.00,0.00,0.00,0.00,0.00,0.00,0.00
lz4,metro_traffic,rain_1h,48204,385632,12910,29.8708,0.0557,0.0273,6927.52,14108.49,0.000000,0.00,0.00,0.00,23.30,0.00,0.00,0.00,0.00,0.00,0.00,0.00,0.00,0.00
zstd-3,metro_traffic,rain_1h,48204,385632,6926,55.6789,0.1237,0.1090,3118.32,3537.91,0.000000,0.00,0.00,0.00,0.00,99.30,0.00,0.00,0.00,0.00,0.00,0.00,0.00,0.00
striq-e0.01,metro_traffic,snow_1h,48204,385632,53167,7.2532,0.7577,0.0663,508.97,5813.55,0.010000,0.10,11.80,0.00,0.00,0.00,0.10,0.00,0.00,0.10,240.30,66.20,4.90,5.40
gorilla,metro_traffic,snow_1h,48204,385632,6322,60.9984,0.0323,0.0273,11926.76,14108.49,0.000000,0.00,0.00,29.20,0.00,0.00,0.00,0.00,0.00,0.00,0.00,0.00,0.00,0.00
lz4,metro_traffic,snow_1h,48204,385632,1728,223.1667,0.0190,0.0493,20296.42,7816.86,0.000000,0.00,0.00,0.00,45.80,0.00,0.00,0.00,0.00,0.00,0.00,0.00,0.00,0.00
zstd-3,metro_traffic,snow_1h,48204,385632,222,1737.0811,0.0480,0.0767,8034.00,5029.98,0.000000,0.00,0.00,0.00,0.00,71.80,0.00,0.00,0.00,0.00,0.00,0.00,0.00,0.00
striq-e0.01,metro_traffic,clouds_all,48204,385632,81882,4.7096,1.1710,0.1160,329.32,3324.41,0.010000,0.10,103.80,0.00,0.00,0.00,0.00,0.10,0.00,0.00,353.00,165.10,8.40,8.30
gorilla,metro_traffic,clouds_all,48204,385632,36482,10.5705,0.4620,0.2663,834.70,1447.93,0.000000,0.00,0.00,290.50,0.00,0.00,0.00,0.00,0.00,0.00,0.00,0.00,0.00,0.00
lz4,metro_traffic,clouds_all,48204,385632,57134,6.7496,0.2267,0.0827,1701.32,4664.90,0.000000,0.00,0.00,0.00,76.50,0.00,0.00,0.00,0.00,0.00,0.00,0.00,0.00,0.00
zstd-3,metro_traffic,clouds_all,48204,385632,25158,15.3284,0.3927,0.2087,982.08,1848.08,0.000000,0.00,0.00,0.00,0.00,204.00,0.00,0.00,0.00,0.00,0.00,0.00,0.00,0.00
striq-e0.01,metro_traffic,traffic_volume,48204,385632,149869,2.5731,1.0753,0.0557,358.62,6927.52,0.010000,0.10,38.40,0.00,0.00,0.00,0.10,0.00,0.10,0.00,0.80,83.40,7.10,8.10
gorilla,metro_traffic,traffic_volume,48204,385632,90086,4.2807,2.3203,0.6743,166.20,571.87,0.000000,0.00,0.00,475.70,0.00,0.00,0.00,0.00,0.00,0.00,0.00,0.00,0.00,0.00
lz4,metro_traffic,traffic_volume,48204,385632,166728,2.3129,0.5490,0.1263,702.43,3052.50,0.000000,0.00,0.00,0.00,111.10,0.00,0.00,0.00,0.00,0.00,0.00,0.00,0.00,0.00
zstd-3,metro_traffic,traffic_volume,48204,385632,98524,3.9141,1.4083,0.3957,273.82,974.64,0.000000,0.00,0.00,0.00,0.00,395.40,0.00,0.00,0.00,0.00,0.00,0.00,0.00,0.00
striq-e0.01,jena_climate_2009_2016,"p (mbar)",420551,3364408,980105,3.4327,5.6373,0.1033,596.81,32558.79,0.010000,0.50,339.50,0.00,0.00,0.00,0.20,0.30,0.30,0.20,10.80,824.40,4.70,9.90
gorilla,jena_climate_2009_2016,"p (mbar)",420551,3364408,2543459,1.3228,34.5483,12.2833,97.38,273.90,0.000000,0.00,0.00,12102.50,0.00,0.00,0.00,0.00,0.00,0.00,0.00,0.00,0.00,0.00
lz4,jena_climate_2009_2016,"p (mbar)",420551,3364408,1413765,2.3798,5.2387,0.8990,642.23,3742.39,0.000000,0.00,0.00,0.00,911.90,0.00,0.00,0.00,0.00,0.00,0.00,0.00,0.00,0.00
zstd-3,jena_climate_2009_2016,"p (mbar)",420551,3364408,837227,4.0185,9.4897,3.3537,354.53,1003.20,0.000000,0.00,0.00,0.00,0.00,3211.40,0.00,0.00,0.00,0.00,0.00,0.00,0.00,0.00
striq-e0.01,jena_climate_2009_2016,"T (degC)",420551,3364408,1285893,2.6164,5.7743,0.0703,582.65,47835.18,0.010000,0.40,302.60,0.00,0.00,0.00,0.20,0.30,0.80,0.20,12.90,782.80,4.60,10.70
gorilla,jena_climate_2009_2016,"T (degC)",420551,3364408,3325987,1.0116,43.6410,0.0000,77.09,inf,0.000000,0.00,0.00,0.10,0.00,0.00,0.00,0.00,0.00,0.00,0.00,0.00,0.00,0.00
lz4,jena_climate_2009_2016,"T (degC)",420551,3364408,1615090,2.0831,6.1157,0.8977,550.13,3747.95,0.000000,0.00,0.00,0.00,952.30,0.00,0.00,0.00,0.00,0.00,0.00,0.00,0.00,0.00
zstd-3,jena_climate_2009_2016,"T (degC)",420551,3364408,873129,3.8533,9.5933,3.0280,350.70,1111.10,0.000000,0.00,0.00,0.00,0.00,3072.00,0.00,0.00,0.00,0.00,0.00,0.00,0.00,0.00
striq-e0.01,jena_climate_2009_2016,"Tpot (K)",420551,3364408,1285893,2.6164,5.5037,0.1637,611.30,20556.46,0.010000,0.40,318.70,0.00,0.00,0.00,0.30,0.20,0.40,0.10,10.80,768.60,4.20,7.70
gorilla,jena_climate_2009_2016,"Tpot (K)",420551,3364408,2790696,1.2056,39.2283,13.9567,85.76,241.06,0.000000,0.00,0.00,15413.10,0.00,0.00,0.00,0.00,0.00,0.00,0.00,0.00,0.00,0.00
lz4,jena_climate_2009_2016,"Tpot (K)",420551,3364408,1499348,2.2439,8.7970,1.1983,382.45,2807.57,0.000000,0.00,0.00,0.00,1162.40,0.00,0.00,0.00,0.00,0.00,0.00,0.00,0.00,0.00
zstd-3,jena_climate_2009_2016,"Tpot (K)",420551,3364408,887199,3.7922,13.4407,3.3553,250.32,1002.70,0.000000,0.00,0.00,0.00,0.00,3161.10,0.00,0.00,0.00,0.00,0.00,0.00,0.00,0.00
striq-e0.01,jena_climate_2009_2016,"Tdew (degC)",420551,3364408,1250378,2.6907,5.5597,0.0650,605.15,51760.12,0.010000,0.40,299.80,0.00,0.00,0.00,0.20,0.20,0.30,0.10,9.40,803.00,4.20,7.70
gorilla,jena_climate_2009_2016,"Tdew (degC)",420551,3364408,3323398,1.0123,41.3097,0.0000,81.44,inf,0.000000,0.00,0.00,0.10,0.00,0.00,0.00,0.00,0.00,0.00,0.00,0.00,0.00,0.00
lz4,jena_climate_2009_2016,"Tdew (degC)",420551,3364408,1526299,2.2043,5.8127,1.0670,578.81,3153.15,0.000000,0.00,0.00,0.00,975.70,0.00,0.00,0.00,0.00,0.00,0.00,0.00,0.00,0.00
zstd-3,jena_climate_2009_2016,"Tdew (degC)",420551,3364408,810724,4.1499,8.8227,3.1760,381.34,1059.32,0.000000,0.00,0.00,0.00,0.00,3082.80,0.00,0.00,0.00,0.00,0.00,0.00,0.00,0.00
striq-e0.01,jena_climate_2009_2016,"rh (%)",420551,3364408,1306366,2.5754,5.7507,0.0643,585.05,52296.50,0.010000,0.40,296.00,0.00,0.00,0.00,0.20,0.20,1.00,0.10,10.00,797.10,4.70,7.70
gorilla,jena_climate_2009_2016,"rh (%)",420551,3364408,2801108,1.2011,35.4743,13.6747,94.84,246.03,0.000000,0.00,0.00,13563.40,0.00,0.00,0.00,0.00,0.00,0.00,0.00,0.00,0.00,0.00
lz4,jena_climate_2009_2016,"rh (%)",420551,3364408,1514680,2.2212,5.8860,1.0150,571.59,3314.69,0.000000,0.00,0.00,0.00,969.50,0.00,0.00,0.00,0.00,0.00,0.00,0.00,0.00,0.00
zstd-3,jena_climate_2009_2016,"rh (%)",420551,3364408,900878,3.7346,10.1610,3.2110,331.11,1047.78,0.000000,0.00,0.00,0.00,0.00,3160.00,0.00,0.00,0.00,0.00,0.00,0.00,0.00,0.00
striq-e0.01,jena_climate_2009_2016,"VPmax (mbar)",420551,3364408,1216282,2.7661,5.5537,0.0747,605.80,45059.04,0.010000,0.80,351.80,0.00,0.00,0.00,0.20,0.30,0.30,0.20,30.90,800.40,4.70,9.80
gorilla,jena_climate_2009_2016,"VPmax (mbar)",420551,3364408,3205732,1.0495,38.6413,14.8627,87.07,226.37,0.000000,0.00,0.00,14832.50,0.00,0.00,0.00,0.00,0.00,0.00,0.00,0.00,0.00,0.00
lz4,jena_climate_2009_2016,"VPmax (mbar)",420551,3364408,1579723,2.1297,5.4687,0.8680,615.22,3876.05,0.000000,0.00,0.00,0.00,865.40,0.00,0.00,0.00,0.00,0.00,0.00,0.00,0.00,0.00
zstd-3,jena_climate_2009_2016,"VPmax (mbar)",420551,3364408,824658,4.0798,8.1763,2.9300,411.48,1148.26,0.000000,0.00,0.00,0.00,0.00,3024.20,0.00,0.00,0.00,0.00,0.00,0.00,0.00,0.00
striq-e0.01,jena_climate_2009_2016,"VPact (mbar)",420551,3364408,1119339,3.0057,8.0410,0.0600,418.41,56073.47,0.010000,0.40,306.60,0.00,0.00,0.00,0.20,0.20,0.40,0.10,6.50,758.00,4.70,8.10
gorilla,jena_climate_2009_2016,"VPact (mbar)",420551,3364408,3159318,1.0649,37.6610,15.3003,89.33,219.89,0.000000,0.00,0.00,14978.80,0.00,0.00,0.00,0.00,0.00,0.00,0.00,0.00,0.00,0.00
lz4,jena_climate_2009_2016,"VPact (mbar)",420551,3364408,1451946,2.3172,5.2643,0.9153,639.09,3675.61,0.000000,0.00,0.00,0.00,868.80,0.00,0.00,0.00,0.00,0.00,0.00,0.00,0.00,0.00
zstd-3,jena_climate_2009_2016,"VPact (mbar)",420551,3364408,732438,4.5934,7.4203,3.0243,453.40,1112.45,0.000000,0.00,0.00,0.00,0.00,3052.20,0.00,0.00,0.00,0.00,0.00,0.00,0.00,0.00
striq-e0.01,jena_climate_2009_2016,"VPdef (mbar)",420551,3364408,1205334,2.7913,5.1820,0.0617,649.25,54557.97,0.010000,0.40,297.80,0.00,0.00,0.00,0.20,0.30,0.30,0.10,7.30,736.50,4.20,7.70
gorilla,jena_climate_2009_2016,"VPdef (mbar)",420551,3364408,3146459,1.0693,37.6527,15.3097,89.35,219.76,0.000000,0.00,0.00,15515.50,0.00,0.00,0.00,0.00,0.00,0.00,0.00,0.00,0.00,0.00
lz4,jena_climate_2009_2016,"VPdef (mbar)",420551,3364408,1460031,2.3043,4.9220,0.8703,683.54,3865.65,0.000000,0.00,0.00,0.00,858.80,0.00,0.00,0.00,0.00,0.00,0.00,0.00,0.00,0.00
zstd-3,jena_climate_2009_2016,"VPdef (mbar)",420551,3364408,759628,4.4290,7.7333,3.0047,435.05,1119.73,0.000000,0.00,0.00,0.00,0.00,3038.70,0.00,0.00,0.00,0.00,0.00,0.00,0.00,0.00
striq-e0.01,jena_climate_2009_2016,"sh (g/kg)",420551,3364408,1016961,3.3083,5.0283,0.0617,669.09,54557.97,0.010000,0.40,315.60,0.00,0.00,0.00,0.20,0.30,0.30,0.20,6.40,752.80,4.60,8.10
gorilla,jena_climate_2009_2016,"sh (g/kg)",420551,3364408,3022035,1.1133,33.9140,14.0513,99.20,239.44,0.000000,0.00,0.00,14040.30,0.00,0.00,0.00,0.00,0.00,0.00,0.00,0.00,0.00,0.00
lz4,jena_climate_2009_2016,"sh (g/kg)",420551,3364408,1332396,2.5251,4.6373,0.8617,725.50,3904.54,0.000000,0.00,0.00,0.00,865.20,0.00,0.00,0.00,0.00,0.00,0.00,0.00,0.00,0.00
zstd-3,jena_climate_2009_2016,"sh (g/kg)",420551,3364408,652053,5.1597,6.7800,2.9777,496.23,1129.88,0.000000,0.00,0.00,0.00,0.00,2994.20,0.00,0.00,0.00,0.00,0.00,0.00,0.00,0.00
striq-e0.01,jena_climate_2009_2016,"H2OC (mmol/mol)",420551,3364408,1127532,2.9839,6.1453,0.0593,547.47,56703.50,0.010000,0.40,305.60,0.00,0.00,0.00,0.20,0.20,0.40,0.10,8.60,743.10,4.60,8.10
gorilla,jena_climate_2009_2016,"H2OC (mmol/mol)",420551,3364408,3162614,1.0638,36.2717,14.6137,92.76,230.22,0.000000,0.00,0.00,15641.40,0.00,0.00,0.00,0.00,0.00,0.00,0.00,0.00,0.00,0.00
lz4,jena_climate_2009_2016,"H2OC (mmol/mol)",420551,3364408,1454373,2.3133,5.2377,0.8597,642.35,3913.62,0.000000,0.00,0.00,0.00,861.20,0.00,0.00,0.00,0.00,0.00,0.00,0.00,0.00,0.00
zstd-3,jena_climate_2009_2016,"H2OC (mmol/mol)",420551,3364408,735400,4.5749,7.4380,2.9913,452.33,1124.72,0.000000,0.00,0.00,0.00,0.00,2950.20,0.00,0.00,0.00,0.00,0.00,0.00,0.00,0.00
striq-e0.01,jena_climate_2009_2016,"rho (g/m**3)",420551,3364408,1306372,2.5754,5.2083,0.0643,645.97,52296.50,0.010000,0.30,284.60,0.00,0.00,0.00,0.30,0.20,0.30,0.20,6.90,721.80,4.10,7.60
gorilla,jena_climate_2009_2016,"rho (g/m**3)",420551,3364408,2767673,1.2156,38.6090,12.6383,87.14,266.21,0.000000,0.00,0.00,12630.00,0.00,0.00,0.00,0.00,0.00,0.00,0.00,0.00,0.00,0.00
lz4,jena_climate_2009_2016,"rho (g/m**3)",420551,3364408,1577950,2.1321,4.5750,0.8643,735.39,3892.49,0.000000,0.00,0.00,0.00,861.70,0.00,0.00,0.00,0.00,0.00,0.00,0.00,0.00,0.00
zstd-3,jena_climate_2009_2016,"rho (g/m**3)",420551,3364408,1073520,3.1340,11.4853,2.8583,292.93,1177.05,0.000000,0.00,0.00,0.00,0.00,2859.90,0.00,0.00,0.00,0.00,0.00,0.00,0.00,0.00
striq-e0.01,jena_climate_2009_2016,"wv (m/s)",420551,3364408,1314558,2.5593,5.1113,0.0593,658.23,56703.50,0.010000,0.30,288.80,0.00,0.00,0.00,0.20,0.20,0.30,0.10,7.80,718.30,5.10,7.90
lz4,jena_climate_2009_2016,"wv (m/s)",420551,3364408,1508891,2.2297,4.6960,0.8650,716.44,3889.49,0.000000,0.00,0.00,0.00,866.50,0.00,0.00,0.00,0.00,0.00,0.00,0.00,0.00,0.00
zstd-3,jena_climate_2009_2016,"wv (m/s)",420551,3364408,769164,4.3741,7.5223,2.8933,447.26,1162.81,0.000000,0.00,0.00,0.00,0.00,2910.50,0.00,0.00,0.00,0.00,0.00,0.00,0.00,0.00
striq-e0.01,jena_climate_2009_2016,"max. wv (m/s)",420551,3364408,1314563,2.5593,10.1047,0.0673,332.96,49966.46,0.010000,0.40,286.50,0.00,0.00,0.00,0.30,0.20,0.40,0.10,7.70,736.00,4.20,7.60
gorilla,jena_climate_2009_2016,"max. wv (m/s)",420551,3364408,3330710,1.0101,40.2650,12.6307,83.56,266.37,0.000000,0.00,0.00,12529.60,0.00,0.00,0.00,0.00,0.00,0.00,0.00,0.00,0.00,0.00
lz4,jena_climate_2009_2016,"max. wv (m/s)",420551,3364408,1454939,2.3124,5.0807,0.8643,662.20,3892.49,0.000000,0.00,0.00,0.00,870.40,0.00,0.00,0.00,0.00,0.00,0.00,0.00,0.00,0.00
zstd-3,jena_climate_2009_2016,"max. wv (m/s)",420551,3364408,720092,4.6722,7.1180,3.0333,472.66,1109.15,0.000000,0.00,0.00,0.00,0.00,3076.30,0.00,0.00,0.00,0.00,0.00,0.00,0.00,0.00
striq-e0.01,jena_climate_2009_2016,"wd (deg)",420551,3364408,2139074,1.5728,6.7713,0.0680,496.86,49476.59,0.010000,0.30,335.40,0.00,0.00,0.00,0.20,0.20,0.40,0.10,9.30,768.20,4.50,8.10
lz4,jena_climate_2009_2016,"wd (deg)",420551,3364408,1695514,1.9843,5.2203,0.8743,644.48,3847.97,0.000000,0.00,0.00,0.00,883.30,0.00,0.00,0.00,0.00,0.00,0.00,0.00,0.00,0.00
zstd-3,jena_climate_2009_2016,"wd (deg)",420551,3364408,1085776,3.0986,36.3863,3.3110,92.46,1016.13,0.000000,0.00,0.00,0.00,0.00,3121.90,0.00,0.00,0.00,0.00,0.00,0.00,0.00,0.00
